perturb,level,frame,obj,type,depth_m,occluded,truncated,gt_h_px,n_pts_3d,n_pts_img,iou_corners,du_corners,dv_corners,iou_points,points_box_ok
none,0.0,000001,0,Truck,69.44,0,0.0,32.8,70,70,0.9379,0.27,0.77,0.7958,True
none,0.0,000001,1,Car,58.49,0,0.0,21.6,9,9,0.9806,0.11,0.05,0.0536,True
none,0.0,000001,2,Cyclist,45.84,3,0.0,30.0,18,18,0.9599,0.09,0.19,0.5903,True
none,0.0,000004,0,Car,38.26,0,0.0,30.5,67,67,0.9801,0.11,-0.0,0.5093,True
none,0.0,000004,1,Car,51.17,0,0.0,20.7,26,26,0.9797,0.05,0.04,0.4023,True
none,0.0,000007,0,Car,25.01,0,0.0,50.2,170,170,0.9667,0.54,0.32,0.7404,True
none,0.0,000007,1,Car,47.55,0,0.0,22.3,18,18,0.972,0.06,-0.06,0.163,True
none,0.0,000007,2,Car,60.52,0,0.0,18.2,5,5,0.9732,0.07,0.17,0.0,False
none,0.0,000007,3,Cyclist,34.09,0,0.0,37.5,24,24,0.9791,0.06,0.13,0.4461,True
none,0.0,000008,0,Car,3.68,3,0.88,181.6,5610,1424,0.9934,0.19,-0.52,0.8939,True
none,0.0,000008,1,Car,7.86,1,0.0,193.1,1570,1570,0.9854,0.49,0.86,0.7448,True
none,0.0,000008,2,Car,6.15,3,0.34,176.6,995,870,0.9865,0.76,-0.76,0.8578,True
none,0.0,000008,3,Car,14.44,1,0.0,85.0,620,620,0.974,0.43,0.83,0.7669,True
none,0.0,000008,4,Car,33.2,0,0.0,39.6,41,41,0.9648,0.26,0.51,0.6829,True
none,0.0,000008,5,Car,19.96,0,0.0,61.9,164,164,0.9711,0.28,0.35,0.7309,True
none,0.0,000009,0,Car,23.88,0,0.0,52.5,185,185,0.9692,0.18,0.28,0.7764,True
none,0.0,000009,1,Car,66.37,2,0.0,16.2,4,4,0.9805,0.12,0.07,0.0,False
none,0.0,000009,2,Car,68.25,0,0.0,15.4,1,1,0.9766,0.07,-0.0,0.0,False
none,0.0,000010,0,Car,5.2,0,0.8,191.5,1511,265,0.9849,0.92,-0.69,0.8565,True
none,0.0,000010,1,Car,11.8,0,0.0,109.0,998,998,0.973,0.44,0.51,0.7368,True
none,0.0,000010,2,Pedestrian,23.51,2,0.0,61.6,23,23,0.6919,-2.22,0.19,0.2079,True
none,0.0,000010,3,Car,16.5,0,0.0,73.4,327,327,0.9665,0.18,0.57,0.7457,True
none,0.0,000010,4,Car,22.05,2,0.0,52.5,47,47,0.9658,0.46,0.46,0.5467,True
none,0.0,000010,5,Car,23.64,0,0.0,51.6,205,205,0.9737,0.29,0.49,0.7219,True
none,0.0,000010,6,Car,29.07,2,0.0,39.5,45,45,0.9702,0.31,0.36,0.4632,True
none,0.0,000010,7,Car,28.53,1,0.0,42.1,22,22,0.9696,0.27,0.41,0.438,True
none,0.0,000010,8,Car,42.85,1,0.0,28.8,15,15,0.9732,0.23,0.23,0.4549,True
none,0.0,000011,0,Pedestrian,12.42,1,0.0,114.9,141,141,0.7617,-3.12,0.28,0.7622,True
none,0.0,000011,1,Pedestrian,13.43,2,0.0,104.0,23,23,0.9709,0.52,0.21,0.4557,True
none,0.0,000011,2,Car,26.64,0,0.0,54.8,176,176,0.9622,0.34,0.69,0.7417,True
none,0.0,000011,3,Pedestrian,34.08,0,0.0,38.3,40,40,0.6641,0.49,0.17,0.7812,True
none,0.0,000011,4,Car,4.13,0,0.98,156.9,2751,210,0.9828,-0.16,-1.08,0.6913,True
none,0.0,000011,5,Pedestrian,15.95,0,0.0,71.3,74,74,0.7877,-0.36,0.25,0.6829,True
none,0.0,000012,0,Car,58.84,0,0.0,19.2,13,13,0.9703,0.07,0.03,0.2327,True
none,0.0,000012,1,Van,65.02,0,0.0,29.3,39,39,0.9726,0.16,0.17,0.4847,True
none,0.0,000015,0,Car,4.1,0,0.89,178.3,5445,1650,0.9912,0.04,0.76,0.8917,True
none,0.0,000015,1,Pedestrian,7.59,1,0.0,183.3,357,357,0.5724,-4.5,-0.47,0.7332,True
none,0.0,000015,2,Pedestrian,24.14,0,0.0,52.6,51,51,0.5881,-5.62,-0.03,0.4437,True
none,0.0,000015,3,Pedestrian,24.22,0,0.0,54.9,68,68,0.7118,-2.26,-0.12,0.4684,True
none,0.0,000015,4,Pedestrian,23.3,0,0.0,56.3,63,63,0.7291,-2.65,0.07,0.6253,True
none,0.0,000016,0,Car,44.41,2,0.0,22.8,24,24,0.9792,0.05,0.2,0.2627,True
none,0.0,000016,1,Truck,26.41,2,0.0,161.6,1973,1973,0.9573,0.22,3.17,0.5332,True
none,0.0,000016,2,Car,33.13,0,0.0,33.1,46,46,0.9602,0.14,0.46,0.4847,True
none,0.0,000016,3,Car,6.05,0,0.5,180.4,1993,1735,0.9953,-0.11,-0.37,0.8654,True
none,0.0,000016,4,Car,46.74,0,0.0,23.4,10,10,0.9752,0.04,0.1,0.1522,True
none,0.0,000016,5,Tram,90.96,2,0.0,29.9,0,0,0.9411,0.15,0.83,0.0,False
none,0.0,000019,0,Truck,5.46,1,0.74,374.0,7484,4851,0.9977,0.5,0.0,0.7201,True
none,0.0,000019,1,Car,9.72,0,0.0,136.9,1064,1064,0.9759,0.68,0.14,0.7359,True
none,0.0,000019,2,Van,35.34,0,0.0,43.3,98,98,0.9579,0.22,0.57,0.6962,True
none,0.0,000019,3,Car,59.59,0,0.0,20.2,19,19,0.9674,0.06,-0.04,0.4304,True
none,0.0,000021,0,Cyclist,3.14,0,0.89,183.5,1206,186,0.9609,2.74,-0.92,0.5453,True
none,0.0,000021,1,Car,13.3,0,0.0,91.7,778,778,0.9769,0.04,0.74,0.7572,True
none,0.0,000021,2,Car,17.6,1,0.0,83.1,204,204,0.9557,0.49,1.36,0.5352,True
none,0.0,000021,3,Van,21.3,1,0.0,98.6,933,933,0.9741,0.49,0.28,0.6911,True
none,0.0,000021,4,Car,25.97,0,0.0,44.0,146,146,0.9661,0.16,0.65,0.7077,True
none,0.0,000021,5,Car,26.83,1,0.0,50.6,107,107,0.9573,0.3,0.73,0.5306,True
none,0.0,000021,6,Car,32.13,2,0.0,43.2,45,45,0.9603,0.14,0.61,0.7419,True
none,0.0,000021,7,Car,31.78,2,0.0,40.5,26,26,0.9754,0.17,0.34,0.2241,True
none,0.0,000023,0,Truck,69.29,0,0.0,32.9,74,74,0.9179,0.57,0.8,0.7587,True
none,0.0,000023,1,Car,55.08,0,0.0,23.0,13,13,0.9822,0.06,-0.03,0.0741,True
none,0.0,000023,2,Cyclist,44.76,3,0.0,30.7,18,18,0.978,0.1,0.1,0.399,True
none,0.0,000025,0,Car,3.14,3,0.94,155.8,1286,140,0.9856,1.2,-0.59,0.6376,True
none,0.0,000025,1,Car,10.42,0,0.0,125.4,1088,1088,0.9743,0.17,0.51,0.7599,True
none,0.0,000025,2,Car,30.18,0,0.0,43.9,54,54,0.9669,0.12,0.51,0.5907,True
none,0.0,000025,3,Car,17.48,0,0.0,71.0,311,311,0.9752,0.43,0.49,0.7345,True
none,0.0,000025,4,Cyclist,44.63,3,0.0,29.8,17,17,0.9525,0.16,0.12,0.4683,True
none,0.0,000025,5,Car,22.3,1,0.0,49.2,27,27,0.9728,0.19,0.19,0.1928,True
none,0.0,000031,0,Car,12.2,0,0.0,116.8,984,984,0.9764,0.72,0.2,0.758,True
none,0.0,000031,1,Car,8.46,0,0.0,161.1,932,932,0.9909,0.4,0.05,0.7928,True
none,0.0,000031,2,Car,13.14,1,0.0,98.0,501,501,0.9782,0.72,0.05,0.6435,True
none,0.0,000031,3,Truck,22.27,2,0.0,96.7,323,323,0.975,0.22,0.93,0.7467,True
none,0.0,000031,4,Car,26.41,0,0.0,43.3,141,141,0.9754,0.11,0.25,0.7398,True
none,0.0,000031,5,Van,51.9,0,0.0,28.9,31,31,0.9698,0.16,0.26,0.5932,True
none,0.0,000032,0,Car,9.0,0,0.0,155.4,1409,1409,0.9784,0.29,0.77,0.7419,True
none,0.0,000032,1,Car,8.6,0,0.0,153.1,1273,1273,0.9812,0.36,0.38,0.8117,True
none,0.0,000032,2,Van,14.34,1,0.0,123.1,790,790,0.9759,0.43,1.15,0.7342,True
none,0.0,000032,3,Car,13.47,1,0.0,93.4,401,401,0.9743,0.69,-0.14,0.6273,True
none,0.0,000032,4,Car,19.85,2,0.0,57.4,68,68,0.9663,0.06,0.68,0.6035,True
none,0.0,000032,5,Van,22.71,2,0.0,89.4,584,584,0.978,0.2,0.78,0.4768,True
none,0.0,000032,6,Car,25.25,2,0.0,55.2,75,75,0.9632,0.38,0.78,0.3857,True
none,0.0,000032,7,Van,44.71,0,0.0,33.9,62,62,0.9658,0.19,0.32,0.6709,True
none,0.0,000032,8,Van,39.04,2,0.0,51.9,154,154,0.969,0.31,0.28,0.4526,True
none,0.0,000032,9,Car,44.75,0,0.0,25.4,38,38,0.9629,0.15,0.38,0.4494,True
none,0.0,000043,0,Pedestrian,12.56,0,0.0,91.7,148,148,0.7353,0.04,0.12,0.7979,True
none,0.0,000043,1,Pedestrian,12.34,0,0.0,98.0,170,170,0.9071,-1.52,0.25,0.7927,True
none,0.0,000043,2,Pedestrian,20.51,0,0.0,68.2,84,84,0.8114,-1.53,0.1,0.6691,True
none,0.0,000043,3,Pedestrian,20.3,0,0.0,69.7,88,88,0.7394,-2.58,0.02,0.8708,True
none,0.0,000048,0,Pedestrian,16.82,0,0.0,76.1,109,109,0.7428,-4.76,-0.14,0.7223,True
none,0.0,000048,1,Pedestrian,17.03,0,0.0,78.8,127,127,0.7344,-2.02,0.08,0.5835,True
none,0.0,000048,2,Pedestrian,16.26,0,0.0,81.5,113,113,0.6114,-7.84,0.05,0.5314,True
none,0.0,000048,3,Cyclist,30.42,0,0.0,44.1,39,39,0.9556,0.31,-0.09,0.4661,True
none,0.0,000049,0,Car,21.55,0,0.0,50.2,200,200,0.9718,0.43,0.37,0.7562,True
none,0.0,000049,1,Car,13.75,0,0.0,84.1,864,864,0.9702,0.12,1.04,0.8141,True
none,0.0,000049,2,Car,21.82,2,0.0,52.6,140,140,0.9718,0.35,0.58,0.5143,True
none,0.0,000049,3,Car,24.83,2,0.0,44.7,73,73,0.9655,0.23,0.69,0.4731,True
none,0.0,000049,4,Car,32.49,2,0.0,32.3,18,18,0.9577,0.21,0.62,0.0884,True
none,0.0,000049,5,Van,45.7,3,0.0,36.7,79,79,0.9644,0.2,0.56,0.7251,True
none,0.0,000049,6,Pedestrian,4.71,3,0.29,185.9,807,719,0.7279,-5.72,0.16,0.8368,True
none,0.0,000049,7,Car,9.53,1,0.0,138.5,548,548,0.9822,0.4,0.26,0.756,True
none,0.0,000049,8,Car,14.89,1,0.0,78.2,423,423,0.9809,0.2,0.0,0.6918,True
none,0.0,000049,9,Car,20.2,2,0.0,68.8,181,181,0.9694,0.37,0.8,0.781,True
none,0.0,000049,10,Pedestrian,32.55,0,0.0,36.5,42,42,0.7023,-2.91,0.11,0.6579,True
none,0.0,000049,11,Car,31.83,2,0.0,40.7,74,74,0.9734,0.14,0.27,0.4851,True
none,0.0,000049,12,Car,12.04,3,0.07,102.0,435,435,0.9813,-0.02,0.8,0.7134,True
none,0.0,000049,13,Car,17.23,1,0.0,66.9,308,308,0.9775,0.3,0.59,0.5958,True
none,0.0,000049,14,Car,35.67,2,0.0,32.7,2,2,0.9709,-0.01,0.38,0.0,False
none,0.0,000049,15,Car,21.69,2,0.0,53.2,8,8,0.9771,0.1,0.56,0.0676,True
none,0.0,000049,16,Van,32.04,3,0.0,60.2,261,261,0.9745,0.27,0.25,0.4615,True
none,0.0,000049,17,Car,17.43,3,0.38,70.2,56,49,0.9681,-0.15,1.05,0.4431,True
none,0.0,000061,0,Van,15.23,3,0.05,144.3,969,969,0.97,0.97,1.45,0.7691,True
none,0.0,000061,1,Car,10.93,3,0.79,115.8,438,108,0.8721,0.04,6.96,0.6896,True
none,0.0,000061,2,Car,33.21,2,0.0,36.4,3,3,0.9727,0.03,-0.0,0.0,False
none,0.0,000061,3,Car,16.63,1,0.14,79.5,131,131,0.9591,-0.29,0.8,0.4839,True
none,0.0,000061,4,Misc,34.42,3,0.0,23.9,70,70,0.9503,0.24,0.15,0.6499,True
none,0.0,000061,5,Van,40.44,3,0.0,46.2,14,14,0.9668,0.2,-0.03,0.0,False
yaw,0.5,000001,0,Truck,69.44,0,0.0,32.8,70,70,0.6376,-6.06,0.83,0.5511,True
yaw,0.5,000001,1,Car,58.49,0,0.0,21.6,9,9,0.677,-6.75,0.15,0.0541,True
yaw,0.5,000001,2,Cyclist,45.84,3,0.0,30.0,18,18,0.3149,-6.3,0.25,0.186,True
yaw,0.5,000004,0,Car,38.26,0,0.0,30.5,67,67,0.7818,-7.34,0.14,0.4931,True
yaw,0.5,000004,1,Car,51.17,0,0.0,20.7,26,26,0.7015,-6.91,0.15,0.3483,True
yaw,0.5,000007,0,Car,25.01,0,0.0,50.2,170,170,0.7849,-5.84,0.4,0.623,True
yaw,0.5,000007,1,Car,47.55,0,0.0,22.3,18,18,0.645,-6.44,0.03,0.1257,True
yaw,0.5,000007,2,Car,60.52,0,0.0,18.2,5,5,0.5605,-6.29,0.24,0.0,False
yaw,0.5,000007,3,Cyclist,34.09,0,0.0,37.5,24,24,0.5474,-7.17,0.25,0.4075,True
yaw,0.5,000008,0,Car,3.68,3,0.88,181.6,5610,1381,0.9782,-3.4,-0.46,0.8762,True
yaw,0.5,000008,1,Car,7.86,1,0.0,193.1,1570,1570,0.9457,-6.52,0.89,0.7495,True
yaw,0.5,000008,2,Car,6.15,3,0.34,176.6,995,890,0.9715,-3.13,-0.76,0.8804,True
yaw,0.5,000008,3,Car,14.44,1,0.0,85.0,620,620,0.8889,-6.06,0.87,0.7656,True
yaw,0.5,000008,4,Car,33.2,0,0.0,39.6,41,41,0.7576,-6.38,0.55,0.5939,True
yaw,0.5,000008,5,Car,19.96,0,0.0,61.9,164,164,0.8079,-7.25,0.29,0.6922,True
yaw,0.5,000009,0,Car,23.88,0,0.0,52.5,185,185,0.7932,-6.2,0.34,0.688,True
yaw,0.5,000009,1,Car,66.37,2,0.0,16.2,4,4,0.5884,-6.2,0.13,0.0,False
yaw,0.5,000009,2,Car,68.25,0,0.0,15.4,1,1,0.5701,-6.27,0.07,0.0,False
yaw,0.5,000010,0,Car,5.2,0,0.8,191.5,1511,286,0.9651,-3.31,-0.66,0.884,True
yaw,0.5,000010,1,Car,11.8,0,0.0,109.0,998,998,0.914,-6.45,0.69,0.742,True
yaw,0.5,000010,2,Pedestrian,23.51,2,0.0,61.6,23,23,0.4437,-9.37,0.23,0.1495,True
yaw,0.5,000010,3,Car,16.5,0,0.0,73.4,327,327,0.8628,-7.06,0.51,0.7161,True
yaw,0.5,000010,4,Car,22.05,2,0.0,52.5,47,47,0.8288,-6.55,0.45,0.5215,True
yaw,0.5,000010,5,Car,23.64,0,0.0,51.6,205,205,0.8353,-6.1,0.55,0.7223,True
yaw,0.5,000010,6,Car,29.07,2,0.0,39.5,45,45,0.782,-6.06,0.42,0.4628,True
yaw,0.5,000010,7,Car,28.53,1,0.0,42.1,22,22,0.7726,-6.58,0.43,0.3828,True
yaw,0.5,000010,8,Car,42.85,1,0.0,28.8,15,15,0.7368,-6.17,0.29,0.4536,True
yaw,0.5,000011,0,Pedestrian,12.42,1,0.0,114.9,141,141,0.704,-10.61,0.26,0.6141,True
yaw,0.5,000011,1,Pedestrian,13.43,2,0.0,104.0,23,23,0.7866,-6.93,0.19,0.4509,True
yaw,0.5,000011,2,Car,26.64,0,0.0,54.8,176,176,0.7905,-6.27,0.8,0.6857,True
yaw,0.5,000011,3,Pedestrian,34.08,0,0.0,38.3,40,40,0.5249,-5.88,0.23,0.3394,True
yaw,0.5,000011,4,Car,4.13,0,0.98,156.9,2751,175,0.8706,-5.17,-0.93,0.4873,True
yaw,0.5,000011,5,Pedestrian,15.95,0,0.0,71.3,74,74,0.5735,-8.35,0.53,0.4902,True
yaw,0.5,000012,0,Car,58.84,0,0.0,19.2,13,13,0.6207,-6.31,0.09,0.2321,True
yaw,0.5,000012,1,Van,65.02,0,0.0,29.3,39,39,0.6664,-6.43,0.26,0.4002,True
yaw,0.5,000015,0,Car,4.1,0,0.89,178.3,5445,1629,0.9741,-3.45,0.84,0.8695,True
yaw,0.5,000015,1,Pedestrian,7.59,1,0.0,183.3,357,357,0.5784,-13.5,-0.64,0.5951,True
yaw,0.5,000015,2,Pedestrian,24.14,0,0.0,52.6,51,51,0.2868,-12.03,0.02,0.1727,True
yaw,0.5,000015,3,Pedestrian,24.22,0,0.0,54.9,68,68,0.4623,-8.71,-0.07,0.218,True
yaw,0.5,000015,4,Pedestrian,23.3,0,0.0,56.3,63,63,0.5014,-9.03,0.15,0.3666,True
yaw,0.5,000016,0,Car,44.41,2,0.0,22.8,24,24,0.6654,-6.34,0.27,0.2082,True
yaw,0.5,000016,1,Truck,26.41,2,0.0,161.6,1973,1973,0.9203,-7.71,3.22,0.5314,True
yaw,0.5,000016,2,Car,33.13,0,0.0,33.1,46,46,0.7503,-6.33,0.51,0.4178,True
yaw,0.5,000016,3,Car,6.05,0,0.5,180.4,1993,1682,0.9776,-3.69,-0.31,0.8476,True
yaw,0.5,000016,4,Car,46.74,0,0.0,23.4,10,10,0.6644,-6.43,0.18,0.1302,True
yaw,0.5,000016,5,Tram,90.96,2,0.0,29.9,0,0,0.7733,-6.17,0.9,0.0,False
yaw,0.5,000019,0,Truck,5.46,1,0.74,374.0,7484,4758,0.986,-2.97,0.0,0.7089,True
yaw,0.5,000019,1,Car,9.72,0,0.0,136.9,1064,1064,0.9245,-6.55,-0.07,0.73,True
yaw,0.5,000019,2,Van,35.34,0,0.0,43.3,98,98,0.7348,-6.16,0.63,0.6393,True
yaw,0.5,000019,3,Car,59.59,0,0.0,20.2,19,19,0.5801,-6.29,0.04,0.2913,True
yaw,0.5,000021,0,Cyclist,3.14,0,0.89,183.5,1206,230,0.9713,-1.8,-0.91,0.5959,True
yaw,0.5,000021,1,Car,13.3,0,0.0,91.7,778,778,0.8949,-6.85,0.9,0.7622,True
yaw,0.5,000021,2,Car,17.6,1,0.0,83.1,204,204,0.8693,-6.1,1.46,0.5371,True
yaw,0.5,000021,3,Van,21.3,1,0.0,98.6,933,933,0.9141,-7.71,0.4,0.6763,True
yaw,0.5,000021,4,Car,25.97,0,0.0,44.0,146,146,0.7978,-6.47,0.69,0.6792,True
yaw,0.5,000021,5,Car,26.83,1,0.0,50.6,107,107,0.7959,-6.1,0.8,0.5316,True
yaw,0.5,000021,6,Car,32.13,2,0.0,43.2,45,45,0.7709,-6.41,0.67,0.6856,True
yaw,0.5,000021,7,Car,31.78,2,0.0,40.5,26,26,0.7371,-6.2,0.41,0.2242,True
yaw,0.5,000023,0,Truck,69.29,0,0.0,32.9,74,74,0.6504,-5.76,0.87,0.531,True
yaw,0.5,000023,1,Car,55.08,0,0.0,23.0,13,13,0.6936,-6.87,0.08,0.0618,True
yaw,0.5,000023,2,Cyclist,44.76,3,0.0,30.7,18,18,0.3379,-6.3,0.17,0.1712,True
yaw,0.5,000025,0,Car,3.14,3,0.94,155.8,1286,147,0.9773,-2.61,-0.62,0.6525,True
yaw,0.5,000025,1,Car,10.42,0,0.0,125.4,1088,1088,0.9078,-6.76,0.69,0.7608,True
yaw,0.5,000025,2,Car,30.18,0,0.0,43.9,54,54,0.7797,-6.25,0.57,0.533,True
yaw,0.5,000025,3,Car,17.48,0,0.0,71.0,311,311,0.8452,-6.26,0.48,0.7083,True
yaw,0.5,000025,4,Cyclist,44.63,3,0.0,29.8,17,17,0.2136,-6.2,0.18,0.0428,True
yaw,0.5,000025,5,Car,22.3,1,0.0,49.2,27,27,0.79,-6.42,0.19,0.1402,True
yaw,0.5,000031,0,Car,12.2,0,0.0,116.8,984,984,0.9064,-6.29,0.47,0.7528,True
yaw,0.5,000031,1,Car,8.46,0,0.0,161.1,932,932,0.9394,-7.31,-0.13,0.7846,True
yaw,0.5,000031,2,Car,13.14,1,0.0,98.0,501,501,0.9055,-6.11,0.04,0.5998,True
yaw,0.5,000031,3,Truck,22.27,2,0.0,96.7,323,323,0.8561,-6.36,1.0,0.6883,True
yaw,0.5,000031,4,Car,26.41,0,0.0,43.3,141,141,0.7731,-6.33,0.3,0.6337,True
yaw,0.5,000031,5,Van,51.9,0,0.0,28.9,31,31,0.6289,-6.18,0.32,0.5102,True
yaw,0.5,000032,0,Car,9.0,0,0.0,155.4,1409,1409,0.9224,-7.57,1.15,0.7508,True
yaw,0.5,000032,1,Car,8.6,0,0.0,153.1,1273,1273,0.9346,-7.26,0.21,0.8036,True
yaw,0.5,000032,2,Van,14.34,1,0.0,123.1,790,790,0.8971,-6.54,1.33,0.7394,True
yaw,0.5,000032,3,Car,13.47,1,0.0,93.4,401,401,0.9082,-6.17,-0.15,0.6237,True
yaw,0.5,000032,4,Car,19.85,2,0.0,57.4,68,68,0.8059,-6.55,0.7,0.5421,True
yaw,0.5,000032,5,Van,22.71,2,0.0,89.4,584,584,0.9202,-8.02,0.87,0.483,True
yaw,0.5,000032,6,Car,25.25,2,0.0,55.2,75,75,0.8321,-6.28,0.82,0.3836,True
yaw,0.5,000032,7,Van,44.71,0,0.0,33.9,62,62,0.6628,-6.16,0.39,0.5486,True
yaw,0.5,000032,8,Van,39.04,2,0.0,51.9,154,154,0.8802,-6.76,0.36,0.4482,True
yaw,0.5,000032,9,Car,44.75,0,0.0,25.4,38,38,0.6867,-6.31,0.45,0.3612,True
yaw,0.5,000043,0,Pedestrian,12.56,0,0.0,91.7,148,148,0.6904,-6.6,0.26,0.5907,True
yaw,0.5,000043,1,Pedestrian,12.34,0,0.0,98.0,170,170,0.5938,-8.27,0.4,0.5223,True
yaw,0.5,000043,2,Pedestrian,20.51,0,0.0,68.2,84,84,0.5697,-8.0,0.16,0.4519,True
yaw,0.5,000043,3,Pedestrian,20.3,0,0.0,69.7,88,88,0.5363,-9.13,0.07,0.5513,True
yaw,0.5,000048,0,Pedestrian,16.82,0,0.0,76.1,109,109,0.4881,-11.18,-0.09,0.4629,True
yaw,0.5,000048,1,Pedestrian,17.03,0,0.0,78.8,127,127,0.6232,-8.49,0.12,0.3758,True
yaw,0.5,000048,2,Pedestrian,16.26,0,0.0,81.5,113,113,0.4544,-14.47,0.17,0.3255,True
yaw,0.5,000048,3,Cyclist,30.42,0,0.0,44.1,39,39,0.5604,-6.01,-0.02,0.3888,True
yaw,0.5,000049,0,Car,21.55,0,0.0,50.2,200,200,0.8105,-5.97,0.43,0.6651,True
yaw,0.5,000049,1,Car,13.75,0,0.0,84.1,864,864,0.904,-6.97,1.21,0.7807,True
yaw,0.5,000049,2,Car,21.82,2,0.0,52.6,140,140,0.8642,-6.34,0.69,0.5166,True
yaw,0.5,000049,3,Car,24.83,2,0.0,44.7,73,73,0.8545,-6.36,0.77,0.475,True
yaw,0.5,000049,4,Car,32.49,2,0.0,32.3,18,18,0.8251,-6.27,0.69,0.0886,True
yaw,0.5,000049,5,Van,45.7,3,0.0,36.7,79,79,0.8124,-6.19,0.63,0.7265,True
yaw,0.5,000049,6,Pedestrian,4.71,3,0.29,185.9,807,722,0.7356,-14.76,0.18,0.7432,True
yaw,0.5,000049,7,Car,9.53,1,0.0,138.5,548,548,0.9336,-7.66,0.03,0.7376,True
yaw,0.5,000049,8,Car,14.89,1,0.0,78.2,423,423,0.893,-6.77,-0.03,0.6706,True
yaw,0.5,000049,9,Car,20.2,2,0.0,68.8,181,181,0.8567,-6.33,0.83,0.7489,True
yaw,0.5,000049,10,Pedestrian,32.55,0,0.0,36.5,42,42,0.3544,-9.35,0.17,0.2658,True
yaw,0.5,000049,11,Car,31.83,2,0.0,40.7,74,74,0.8588,-6.81,0.31,0.4811,True
yaw,0.5,000049,12,Car,12.04,3,0.07,102.0,435,435,0.9448,-4.02,1.2,0.7267,True
yaw,0.5,000049,13,Car,17.23,1,0.0,66.9,308,308,0.8824,-7.61,0.79,0.6035,True
yaw,0.5,000049,14,Car,35.67,2,0.0,32.7,2,2,0.6814,-6.37,0.44,0.0,False
yaw,0.5,000049,15,Car,21.69,2,0.0,53.2,8,8,0.8325,-7.26,0.72,0.0682,True
yaw,0.5,000049,16,Van,32.04,3,0.0,60.2,261,261,0.8873,-7.61,0.3,0.437,True
yaw,0.5,000049,17,Car,17.43,3,0.38,70.2,56,48,0.8806,-4.88,1.33,0.4322,True
yaw,0.5,000061,0,Van,15.23,3,0.05,144.3,969,969,0.9401,-3.88,1.53,0.7381,True
yaw,0.5,000061,1,Car,10.93,3,0.79,115.8,438,73,0.6709,-5.18,7.89,0.4955,True
yaw,0.5,000061,2,Car,33.21,2,0.0,36.4,3,3,0.6146,-9.66,0.42,0.0,False
yaw,0.5,000061,3,Car,16.63,1,0.14,79.5,131,131,0.8563,-5.13,1.45,0.4942,True
yaw,0.5,000061,4,Misc,34.42,3,0.0,23.9,70,70,0.7296,-7.15,0.29,0.5224,True
yaw,0.5,000061,5,Van,40.44,3,0.0,46.2,14,14,0.6777,-7.16,0.16,0.0,False
yaw,1.0,000001,0,Truck,69.44,0,0.0,32.8,70,70,0.4018,-12.39,0.9,0.351,True
yaw,1.0,000001,1,Car,58.49,0,0.0,21.6,9,9,0.4457,-13.63,0.25,0.0198,True
yaw,1.0,000001,2,Cyclist,45.84,3,0.0,30.0,18,18,0.0,-12.69,0.32,0.0,True
yaw,1.0,000004,0,Car,38.26,0,0.0,30.5,67,67,0.6151,-14.85,0.29,0.3983,True
yaw,1.0,000004,1,Car,51.17,0,0.0,20.7,26,26,0.4846,-13.91,0.26,0.2548,True
yaw,1.0,000007,0,Car,25.01,0,0.0,50.2,170,170,0.6068,-12.23,0.48,0.487,True
yaw,1.0,000007,1,Car,47.55,0,0.0,22.3,18,18,0.4031,-12.96,0.11,0.0861,True
yaw,1.0,000007,2,Car,60.52,0,0.0,18.2,5,5,0.2862,-12.67,0.31,0.0,False
yaw,1.0,000007,3,Cyclist,34.09,0,0.0,37.5,24,24,0.264,-14.46,0.37,0.1574,True
yaw,1.0,000008,0,Car,3.68,3,0.88,181.6,5610,1338,0.9611,-7.02,-0.39,0.8573,True
yaw,1.0,000008,1,Car,7.86,1,0.0,193.1,1570,1570,0.9015,-13.56,0.92,0.7545,True
yaw,1.0,000008,2,Car,6.15,3,0.34,176.6,995,900,0.9479,-6.99,-0.75,0.8758,True
yaw,1.0,000008,3,Car,14.44,1,0.0,85.0,620,620,0.7996,-12.55,0.91,0.6946,True
yaw,1.0,000008,4,Car,33.2,0,0.0,39.6,41,41,0.5775,-12.99,0.61,0.4365,True
yaw,1.0,000008,5,Car,19.96,0,0.0,61.9,164,164,0.6513,-14.73,0.24,0.5546,True
yaw,1.0,000009,0,Car,23.88,0,0.0,52.5,185,185,0.6285,-12.58,0.4,0.5506,True
yaw,1.0,000009,1,Car,66.37,2,0.0,16.2,4,4,0.3185,-12.53,0.2,0.0,False
yaw,1.0,000009,2,Car,68.25,0,0.0,15.4,1,1,0.2964,-12.6,0.13,0.0,False
yaw,1.0,000010,0,Car,5.2,0,0.8,191.5,1511,307,0.9321,-7.51,-0.62,0.8564,True
yaw,1.0,000010,1,Car,11.8,0,0.0,109.0,998,998,0.8507,-13.36,0.87,0.7474,True
yaw,1.0,000010,2,Pedestrian,23.51,2,0.0,61.6,23,23,0.1924,-16.47,0.26,0.0416,True
yaw,1.0,000010,3,Car,16.5,0,0.0,73.4,327,327,0.7543,-14.26,0.45,0.6249,True
yaw,1.0,000010,4,Car,22.05,2,0.0,52.5,47,47,0.6923,-13.53,0.44,0.4239,True
yaw,1.0,000010,5,Car,23.64,0,0.0,51.6,205,205,0.7039,-12.5,0.62,0.6146,True
yaw,1.0,000010,6,Car,29.07,2,0.0,39.5,45,45,0.6115,-12.43,0.48,0.4625,True
yaw,1.0,000010,7,Car,28.53,1,0.0,42.1,22,22,0.5979,-13.39,0.44,0.2671,True
yaw,1.0,000010,8,Car,42.85,1,0.0,28.8,15,15,0.5387,-12.57,0.35,0.3479,True
yaw,1.0,000011,0,Pedestrian,12.42,1,0.0,114.9,141,141,0.5434,-18.04,0.25,0.4547,True
yaw,1.0,000011,1,Pedestrian,13.43,2,0.0,104.0,23,23,0.6043,-14.32,0.17,0.4463,True
yaw,1.0,000011,2,Car,26.64,0,0.0,54.8,176,176,0.6309,-12.9,0.91,0.5522,True
yaw,1.0,000011,3,Pedestrian,34.08,0,0.0,38.3,40,40,0.2169,-12.25,0.29,0.0723,True
yaw,1.0,000011,4,Car,4.13,0,0.98,156.9,2751,141,0.7558,-10.24,-0.78,0.4049,True
yaw,1.0,000011,5,Pedestrian,15.95,0,0.0,71.3,74,74,0.3117,-16.41,0.81,0.2304,True
yaw,1.0,000012,0,Car,58.84,0,0.0,19.2,13,13,0.3693,-12.68,0.15,0.2007,True
yaw,1.0,000012,1,Van,65.02,0,0.0,29.3,39,39,0.4304,-13.05,0.35,0.2549,True
yaw,1.0,000015,0,Car,4.1,0,0.89,178.3,5445,1605,0.9565,-6.97,0.91,0.8583,True
yaw,1.0,000015,1,Pedestrian,7.59,1,0.0,183.3,357,357,0.5844,-22.39,-0.8,0.4783,True
yaw,1.0,000015,2,Pedestrian,24.14,0,0.0,52.6,51,51,0.0817,-18.42,0.07,0.0,True
yaw,1.0,000015,3,Pedestrian,24.22,0,0.0,54.9,68,68,0.2199,-15.14,-0.02,0.0408,True
yaw,1.0,000015,4,Pedestrian,23.3,0,0.0,56.3,63,63,0.2776,-15.42,0.23,0.156,True
yaw,1.0,000016,0,Car,44.41,2,0.0,22.8,24,24,0.4354,-12.72,0.33,0.126,True
yaw,1.0,000016,1,Truck,26.41,2,0.0,161.6,1973,1973,0.8797,-15.72,3.26,0.5157,True
yaw,1.0,000016,2,Car,33.13,0,0.0,33.1,46,46,0.5701,-12.78,0.57,0.3052,True
yaw,1.0,000016,3,Car,6.05,0,0.5,180.4,1993,1617,0.9597,-7.3,-0.25,0.8295,True
yaw,1.0,000016,4,Car,46.74,0,0.0,23.4,10,10,0.4296,-12.91,0.26,0.0898,True
yaw,1.0,000016,5,Tram,90.96,2,0.0,29.9,0,0,0.6265,-12.5,0.97,0.0,False
yaw,1.0,000019,0,Truck,5.46,1,0.74,374.0,7484,4673,0.9696,-6.45,0.0,0.6982,True
yaw,1.0,000019,1,Car,9.72,0,0.0,136.9,1064,1064,0.8636,-13.74,-0.28,0.6999,True
yaw,1.0,000019,2,Van,35.34,0,0.0,43.3,98,98,0.542,-12.53,0.69,0.4711,True
yaw,1.0,000019,3,Car,59.59,0,0.0,20.2,19,19,0.3102,-12.66,0.11,0.1188,True
yaw,1.0,000021,0,Cyclist,3.14,0,0.89,183.5,1206,286,0.9272,-6.29,-0.89,0.6489,True
yaw,1.0,000021,1,Car,13.3,0,0.0,91.7,778,778,0.8188,-13.76,1.06,0.7675,True
yaw,1.0,000021,2,Car,17.6,1,0.0,83.1,204,204,0.7738,-12.71,1.56,0.5391,True
yaw,1.0,000021,3,Van,21.3,1,0.0,98.6,933,933,0.8486,-15.84,0.52,0.6308,True
yaw,1.0,000021,4,Car,25.97,0,0.0,44.0,146,146,0.6498,-13.07,0.72,0.5522,True
yaw,1.0,000021,5,Car,26.83,1,0.0,50.6,107,107,0.6429,-12.51,0.87,0.5327,True
yaw,1.0,000021,6,Car,32.13,2,0.0,43.2,45,45,0.6043,-12.94,0.73,0.5378,True
yaw,1.0,000021,7,Car,31.78,2,0.0,40.5,26,26,0.5414,-12.57,0.48,0.2244,True
yaw,1.0,000023,0,Truck,69.29,0,0.0,32.9,74,74,0.4118,-12.08,0.93,0.3329,True
yaw,1.0,000023,1,Car,55.08,0,0.0,23.0,13,13,0.4738,-13.83,0.19,0.0296,True
yaw,1.0,000023,2,Cyclist,44.76,3,0.0,30.7,18,18,0.0042,-12.68,0.24,0.0,True
yaw,1.0,000025,0,Car,3.14,3,0.94,155.8,1286,156,0.9563,-6.4,-0.64,0.6594,True
yaw,1.0,000025,1,Car,10.42,0,0.0,125.4,1088,1088,0.8419,-13.72,0.87,0.7104,True
yaw,1.0,000025,2,Car,30.18,0,0.0,43.9,54,54,0.6158,-12.63,0.64,0.4231,True
yaw,1.0,000025,3,Car,17.48,0,0.0,71.0,311,311,0.7149,-12.93,0.47,0.5985,True
yaw,1.0,000025,4,Cyclist,44.63,3,0.0,29.8,17,17,0.0,-12.55,0.24,0.0,True
yaw,1.0,000025,5,Car,22.3,1,0.0,49.2,27,27,0.6291,-13.01,0.2,0.0494,True
yaw,1.0,000031,0,Car,12.2,0,0.0,116.8,984,984,0.8257,-13.34,0.74,0.6924,True
yaw,1.0,000031,1,Car,8.46,0,0.0,161.1,932,932,0.88,-14.96,-0.29,0.749,True
yaw,1.0,000031,2,Car,13.14,1,0.0,98.0,501,501,0.8202,-12.9,0.03,0.54,True
yaw,1.0,000031,3,Truck,22.27,2,0.0,96.7,323,323,0.7429,-12.95,1.07,0.6048,True
yaw,1.0,000031,4,Car,26.41,0,0.0,43.3,141,141,0.5975,-12.76,0.34,0.4933,True
yaw,1.0,000031,5,Van,51.9,0,0.0,28.9,31,31,0.3782,-12.52,0.39,0.3062,True
yaw,1.0,000032,0,Car,9.0,0,0.0,155.4,1409,1409,0.8653,-15.5,1.54,0.7601,True
yaw,1.0,000032,1,Car,8.6,0,0.0,153.1,1273,1273,0.8785,-14.82,0.07,0.7566,True
yaw,1.0,000032,2,Van,14.34,1,0.0,123.1,790,790,0.815,-13.55,1.51,0.7448,True
yaw,1.0,000032,3,Car,13.47,1,0.0,93.4,401,401,0.8308,-13.0,-0.16,0.5761,True
yaw,1.0,000032,4,Car,19.85,2,0.0,57.4,68,68,0.6612,-13.14,0.72,0.4385,True
yaw,1.0,000032,5,Van,22.71,2,0.0,89.4,584,584,0.8603,-16.33,0.96,0.4893,True
yaw,1.0,000032,6,Car,25.25,2,0.0,55.2,75,75,0.704,-12.93,0.86,0.3485,True
yaw,1.0,000032,7,Van,44.71,0,0.0,33.9,62,62,0.4277,-12.49,0.46,0.3538,True
yaw,1.0,000032,8,Van,39.04,2,0.0,51.9,154,154,0.7921,-13.79,0.44,0.4031,True
yaw,1.0,000032,9,Car,44.75,0,0.0,25.4,38,38,0.4709,-12.78,0.53,0.2525,True
yaw,1.0,000043,0,Pedestrian,12.56,0,0.0,91.7,148,148,0.4645,-13.26,0.4,0.382,True
yaw,1.0,000043,1,Pedestrian,12.34,0,0.0,98.0,170,170,0.3696,-15.05,0.56,0.3141,True
yaw,1.0,000043,2,Pedestrian,20.51,0,0.0,68.2,84,84,0.3383,-14.45,0.21,0.2318,True
yaw,1.0,000043,3,Pedestrian,20.3,0,0.0,69.7,88,88,0.3179,-15.66,0.12,0.3111,True
yaw,1.0,000048,0,Pedestrian,16.82,0,0.0,76.1,109,109,0.2977,-17.6,-0.04,0.2717,True
yaw,1.0,000048,1,Pedestrian,17.03,0,0.0,78.8,127,127,0.4205,-14.94,0.17,0.2165,True
yaw,1.0,000048,2,Pedestrian,16.26,0,0.0,81.5,113,113,0.2934,-21.12,0.28,0.1682,True
yaw,1.0,000048,3,Cyclist,30.42,0,0.0,44.1,39,39,0.268,-12.34,0.05,0.1679,True
yaw,1.0,000049,0,Car,21.55,0,0.0,50.2,200,200,0.6549,-12.37,0.49,0.5428,True
yaw,1.0,000049,1,Car,13.75,0,0.0,84.1,864,864,0.8364,-14.1,1.37,0.7274,True
yaw,1.0,000049,2,Car,21.82,2,0.0,52.6,140,140,0.7579,-13.05,0.8,0.519,True
yaw,1.0,000049,3,Car,24.83,2,0.0,44.7,73,73,0.7487,-12.97,0.86,0.4769,True
yaw,1.0,000049,4,Car,32.49,2,0.0,32.3,18,18,0.7024,-12.78,0.77,0.0889,True
yaw,1.0,000049,5,Van,45.7,3,0.0,36.7,79,79,0.6748,-12.6,0.69,0.6187,True
yaw,1.0,000049,6,Pedestrian,4.71,3,0.29,185.9,807,723,0.7432,-23.7,0.2,0.6588,True
yaw,1.0,000049,7,Car,9.53,1,0.0,138.5,548,548,0.8801,-15.66,-0.19,0.6919,True
yaw,1.0,000049,8,Car,14.89,1,0.0,78.2,423,423,0.8044,-13.71,-0.06,0.6002,True
yaw,1.0,000049,9,Car,20.2,2,0.0,68.8,181,181,0.7446,-13.0,0.86,0.6511,True
yaw,1.0,000049,10,Pedestrian,32.55,0,0.0,36.5,42,42,0.1096,-15.78,0.23,0.0239,True
yaw,1.0,000049,11,Car,31.83,2,0.0,40.7,74,74,0.7509,-13.72,0.36,0.4772,True
yaw,1.0,000049,12,Car,12.04,3,0.07,102.0,435,435,0.9087,-8.06,1.6,0.7405,True
yaw,1.0,000049,13,Car,17.23,1,0.0,66.9,308,308,0.789,-15.6,0.98,0.6114,True
yaw,1.0,000049,14,Car,35.67,2,0.0,32.7,2,2,0.4639,-12.72,0.5,0.0,False
yaw,1.0,000049,15,Car,21.69,2,0.0,53.2,8,8,0.7052,-14.67,0.88,0.0689,True
yaw,1.0,000049,16,Van,32.04,3,0.0,60.2,261,261,0.801,-15.43,0.35,0.4005,True
yaw,1.0,000049,17,Car,17.43,3,0.38,70.2,56,41,0.7941,-9.66,1.63,0.3806,True
yaw,1.0,000061,0,Van,15.23,3,0.05,144.3,969,969,0.846,-13.77,1.61,0.6629,True
yaw,1.0,000061,1,Car,10.93,3,0.79,115.8,438,34,0.4553,-10.47,8.83,0.2495,True
yaw,1.0,000061,2,Car,33.21,2,0.0,36.4,3,3,0.3654,-19.47,0.86,0.0,False
yaw,1.0,000061,3,Car,16.63,1,0.14,79.5,131,130,0.7541,-10.04,2.11,0.4745,True
yaw,1.0,000061,4,Misc,34.42,3,0.0,23.9,70,70,0.5437,-14.48,0.42,0.3992,True
yaw,1.0,000061,5,Van,40.44,3,0.0,46.2,14,14,0.4502,-14.47,0.35,0.0,False
yaw,2.0,000001,0,Truck,69.44,0,0.0,32.8,70,70,0.0899,-25.04,1.03,0.074,True
yaw,2.0,000001,1,Car,58.49,0,0.0,21.6,9,9,0.136,-27.52,0.45,0.0,True
yaw,2.0,000001,2,Cyclist,45.84,3,0.0,30.0,18,18,0.0,-25.42,0.45,0.0,True
yaw,2.0,000004,0,Car,38.26,0,0.0,30.5,67,67,0.3606,-30.04,0.6,0.2393,True
yaw,2.0,000004,1,Car,51.17,0,0.0,20.7,26,26,0.1859,-28.04,0.49,0.1006,True
yaw,2.0,000007,0,Car,25.01,0,0.0,50.2,170,170,0.3406,-25.03,0.65,0.2736,True
yaw,2.0,000007,1,Car,47.55,0,0.0,22.3,18,18,0.0848,-26.06,0.29,0.0141,True
yaw,2.0,000007,2,Car,60.52,0,0.0,18.2,5,5,0.0,-25.47,0.46,0.0,False
yaw,2.0,000007,3,Cyclist,34.09,0,0.0,37.5,24,24,0.0,-29.18,0.61,0.0,True
yaw,2.0,000008,0,Car,3.68,3,0.88,181.6,5610,1260,0.9263,-14.32,-0.27,0.8232,True
yaw,2.0,000008,1,Car,7.86,1,0.0,193.1,1570,1570,0.8187,-27.71,0.99,0.7212,True
yaw,2.0,000008,2,Car,6.15,3,0.34,176.6,995,915,0.8849,-17.96,-0.74,0.7753,True
yaw,2.0,000008,3,Car,14.44,1,0.0,85.0,620,620,0.6444,-25.5,0.99,0.5631,True
yaw,2.0,000008,4,Car,33.2,0,0.0,39.6,41,41,0.3101,-26.16,0.71,0.2006,True
yaw,2.0,000008,5,Car,19.96,0,0.0,61.9,164,164,0.407,-29.53,0.15,0.3389,True
yaw,2.0,000009,0,Car,23.88,0,0.0,52.5,185,185,0.3764,-25.34,0.51,0.3339,True
yaw,2.0,000009,1,Car,66.37,2,0.0,16.2,4,4,0.0,-25.19,0.33,0.0,False
yaw,2.0,000009,2,Car,68.25,0,0.0,15.4,1,1,0.0,-25.29,0.27,0.0,False
yaw,2.0,000010,0,Car,5.2,0,0.8,191.5,1511,374,0.8732,-15.77,-0.56,0.8067,True
yaw,2.0,000010,1,Car,11.8,0,0.0,109.0,998,998,0.7362,-27.29,1.25,0.6824,True
yaw,2.0,000010,2,Pedestrian,23.51,2,0.0,61.6,23,23,0.0,-30.56,0.33,0.0,True
yaw,2.0,000010,3,Car,16.5,0,0.0,73.4,327,327,0.5689,-28.54,0.33,0.4699,True
yaw,2.0,000010,4,Car,22.05,2,0.0,52.5,47,47,0.4697,-27.36,0.43,0.263,True
yaw,2.0,000010,5,Car,23.64,0,0.0,51.6,205,205,0.4912,-25.3,0.77,0.4273,True
yaw,2.0,000010,6,Car,29.07,2,0.0,39.5,45,45,0.3538,-25.16,0.61,0.3984,True
yaw,2.0,000010,7,Car,28.53,1,0.0,42.1,22,22,0.335,-26.92,0.48,0.0865,True
yaw,2.0,000010,8,Car,42.85,1,0.0,28.8,15,15,0.2544,-25.33,0.47,0.156,True
yaw,2.0,000011,0,Pedestrian,12.42,1,0.0,114.9,141,141,0.2987,-32.75,0.23,0.2164,True
yaw,2.0,000011,1,Pedestrian,13.43,2,0.0,104.0,23,23,0.3327,-28.96,0.14,0.3117,True
yaw,2.0,000011,2,Car,26.64,0,0.0,54.8,176,176,0.3854,-26.23,1.13,0.3393,True
yaw,2.0,000011,3,Pedestrian,34.08,0,0.0,38.3,40,40,0.0,-24.97,0.42,0.0,True
yaw,2.0,000011,4,Car,4.13,0,0.98,156.9,2751,77,0.5188,-20.6,-0.47,0.2216,True
yaw,2.0,000011,5,Pedestrian,15.95,0,0.0,71.3,74,74,0.0,-32.76,1.4,0.0,True
yaw,2.0,000012,0,Car,58.84,0,0.0,19.2,13,13,0.0446,-25.39,0.26,0.0136,True
yaw,2.0,000012,1,Van,65.02,0,0.0,29.3,39,39,0.1171,-26.36,0.54,0.0383,True
yaw,2.0,000015,0,Car,4.1,0,0.89,178.3,5445,1558,0.9211,-14.05,1.07,0.8197,True
yaw,2.0,000015,1,Pedestrian,7.59,1,0.0,183.3,357,357,0.4491,-39.9,-1.11,0.291,True
yaw,2.0,000015,2,Pedestrian,24.14,0,0.0,52.6,51,51,0.0,-31.17,0.18,0.0,True
yaw,2.0,000015,3,Pedestrian,24.22,0,0.0,54.9,68,68,0.0,-27.97,0.08,0.0,True
yaw,2.0,000015,4,Pedestrian,23.3,0,0.0,56.3,63,63,0.0,-28.24,0.4,0.0,True
yaw,2.0,000016,0,Car,44.41,2,0.0,22.8,24,24,0.1269,-25.45,0.45,0.0,True
yaw,2.0,000016,1,Truck,26.41,2,0.0,161.6,1973,1973,0.8033,-31.94,3.35,0.4849,True
yaw,2.0,000016,2,Car,33.13,0,0.0,33.1,46,46,0.3032,-25.64,0.68,0.1268,True
yaw,2.0,000016,3,Car,6.05,0,0.5,180.4,1993,1489,0.9234,-14.57,-0.12,0.792,True
yaw,2.0,000016,4,Car,46.74,0,0.0,23.4,10,10,0.1177,-25.92,0.43,0.0166,True
yaw,2.0,000016,5,Tram,90.96,2,0.0,29.9,0,0,0.3968,-25.16,1.1,0.0,False
yaw,2.0,000019,0,Truck,5.46,1,0.74,374.0,7484,4473,0.9366,-13.47,0.0,0.6759,True
yaw,2.0,000019,1,Car,9.72,0,0.0,136.9,1064,1064,0.7475,-28.01,-0.63,0.6056,True
yaw,2.0,000019,2,Van,35.34,0,0.0,43.3,98,98,0.2625,-25.26,0.83,0.2211,True
yaw,2.0,000019,3,Car,59.59,0,0.0,20.2,19,19,0.0,-25.42,0.27,0.0,True
yaw,2.0,000021,0,Cyclist,3.14,0,0.89,183.5,1206,383,0.8512,-15.14,-0.87,0.7499,True
yaw,2.0,000021,1,Car,13.3,0,0.0,91.7,778,778,0.6838,-27.7,1.39,0.6535,True
yaw,2.0,000021,2,Car,17.6,1,0.0,83.1,204,204,0.61,-25.98,1.77,0.5437,True
yaw,2.0,000021,3,Van,21.3,1,0.0,98.6,933,933,0.7308,-31.87,0.75,0.548,True
yaw,2.0,000021,4,Car,25.97,0,0.0,44.0,146,146,0.417,-26.21,0.8,0.3491,True
yaw,2.0,000021,5,Car,26.83,1,0.0,50.6,107,107,0.4047,-25.36,1.02,0.3868,True
yaw,2.0,000021,6,Car,32.13,2,0.0,43.2,45,45,0.3513,-25.94,0.85,0.3091,True
yaw,2.0,000021,7,Car,31.78,2,0.0,40.5,26,26,0.2593,-25.33,0.62,0.2249,True
yaw,2.0,000023,0,Truck,69.29,0,0.0,32.9,74,74,0.0968,-24.74,1.06,0.0589,True
yaw,2.0,000023,1,Car,55.08,0,0.0,23.0,13,13,0.17,-27.87,0.41,0.0,True
yaw,2.0,000023,2,Cyclist,44.76,3,0.0,30.7,18,18,0.0,-25.43,0.37,0.0,True
yaw,2.0,000025,0,Car,3.14,3,0.94,155.8,1286,172,0.9174,-13.89,-0.69,0.664,True
yaw,2.0,000025,1,Car,10.42,0,0.0,125.4,1088,1088,0.7231,-27.74,1.25,0.6176,True
yaw,2.0,000025,2,Car,30.18,0,0.0,43.9,54,54,0.3655,-25.39,0.79,0.2445,True
yaw,2.0,000025,3,Car,17.48,0,0.0,71.0,311,311,0.5024,-26.2,0.46,0.4173,True
yaw,2.0,000025,4,Cyclist,44.63,3,0.0,29.8,17,17,0.0,-25.24,0.37,0.0,True
yaw,2.0,000025,5,Car,22.3,1,0.0,49.2,27,27,0.3802,-26.13,0.23,0.0,True
yaw,2.0,000031,0,Car,12.2,0,0.0,116.8,984,984,0.6839,-27.55,1.31,0.5829,True
yaw,2.0,000031,1,Car,8.46,0,0.0,161.1,932,932,0.7711,-30.11,-0.6,0.6564,True
yaw,2.0,000031,2,Car,13.14,1,0.0,98.0,501,501,0.6704,-26.41,0.03,0.4334,True
yaw,2.0,000031,3,Truck,22.27,2,0.0,96.7,323,323,0.5537,-26.21,1.21,0.4601,True
yaw,2.0,000031,4,Car,26.41,0,0.0,43.3,141,141,0.3341,-25.58,0.43,0.2745,True
yaw,2.0,000031,5,Van,51.9,0,0.0,28.9,31,31,0.0556,-25.18,0.52,0.0285,True
yaw,2.0,000032,0,Car,9.0,0,0.0,155.4,1409,1409,0.7604,-31.56,2.42,0.705,True
yaw,2.0,000032,1,Car,8.6,0,0.0,153.1,1273,1273,0.7722,-29.79,-0.21,0.6635,True
yaw,2.0,000032,2,Van,14.34,1,0.0,123.1,790,790,0.671,-27.67,1.89,0.6385,True
yaw,2.0,000032,3,Car,13.47,1,0.0,93.4,401,401,0.693,-26.58,-0.16,0.4691,True
yaw,2.0,000032,4,Car,19.85,2,0.0,57.4,68,68,0.4319,-26.26,0.76,0.2686,True
yaw,2.0,000032,5,Van,22.71,2,0.0,89.4,584,584,0.7522,-33.18,1.09,0.5028,True
yaw,2.0,000032,6,Car,25.25,2,0.0,55.2,75,75,0.4955,-26.14,0.95,0.2518,True
yaw,2.0,000032,7,Van,44.71,0,0.0,33.9,62,62,0.1144,-25.17,0.59,0.0817,True
yaw,2.0,000032,8,Van,39.04,2,0.0,51.9,154,154,0.6393,-27.73,0.6,0.3216,True
yaw,2.0,000032,9,Car,44.75,0,0.0,25.4,38,38,0.1735,-25.79,0.69,0.0793,True
yaw,2.0,000043,0,Pedestrian,12.56,0,0.0,91.7,148,148,0.1571,-26.65,0.7,0.0942,True
yaw,2.0,000043,1,Pedestrian,12.34,0,0.0,98.0,170,170,0.0703,-28.7,0.88,0.031,True
yaw,2.0,000043,2,Pedestrian,20.51,0,0.0,68.2,84,84,0.0342,-27.32,0.32,0.0,True
yaw,2.0,000043,3,Pedestrian,20.3,0,0.0,69.7,88,88,0.0265,-28.67,0.22,0.0016,True
yaw,2.0,000048,0,Pedestrian,16.82,0,0.0,76.1,109,109,0.0336,-30.4,0.06,0.0085,True
yaw,2.0,000048,1,Pedestrian,17.03,0,0.0,78.8,127,127,0.1369,-27.82,0.28,0.0,True
yaw,2.0,000048,2,Pedestrian,16.26,0,0.0,81.5,113,113,0.0604,-34.51,0.52,0.0,True
yaw,2.0,000048,3,Cyclist,30.42,0,0.0,44.1,39,39,0.0,-24.99,0.18,0.0,True
yaw,2.0,000049,0,Car,21.55,0,0.0,50.2,200,200,0.4126,-25.16,0.63,0.3452,True
yaw,2.0,000049,1,Car,13.75,0,0.0,84.1,864,864,0.715,-28.48,1.73,0.6296,True
yaw,2.0,000049,2,Car,21.82,2,0.0,52.6,140,140,0.5788,-26.56,1.02,0.5243,True
yaw,2.0,000049,3,Car,24.83,2,0.0,44.7,73,73,0.5706,-26.27,1.05,0.4812,True
yaw,2.0,000049,4,Car,32.49,2,0.0,32.3,18,18,0.502,-25.84,0.92,0.0895,True
yaw,2.0,000049,5,Van,45.7,3,0.0,36.7,79,79,0.455,-25.45,0.82,0.4113,True
yaw,2.0,000049,6,Pedestrian,4.71,3,0.29,185.9,807,723,0.6026,-41.31,0.24,0.5096,True
yaw,2.0,000049,7,Car,9.53,1,0.0,138.5,548,548,0.7739,-31.45,-0.6,0.6081,True
yaw,2.0,000049,8,Car,14.89,1,0.0,78.2,423,423,0.6493,-27.5,-0.1,0.4765,True
yaw,2.0,000049,9,Car,20.2,2,0.0,68.8,181,181,0.5568,-26.28,0.93,0.4857,True
yaw,2.0,000049,10,Pedestrian,32.55,0,0.0,36.5,42,42,0.0,-28.6,0.34,0.0,True
yaw,2.0,000049,11,Car,31.83,2,0.0,40.7,74,74,0.5694,-27.44,0.45,0.4676,True
yaw,2.0,000049,12,Car,12.04,3,0.07,102.0,435,419,0.8365,-16.25,2.44,0.7159,True
yaw,2.0,000049,13,Car,17.23,1,0.0,66.9,308,308,0.6286,-31.79,1.38,0.6233,True
yaw,2.0,000049,14,Car,35.67,2,0.0,32.7,2,2,0.1644,-25.42,0.63,0.0,False
yaw,2.0,000049,15,Car,21.69,2,0.0,53.2,8,8,0.4988,-29.64,1.21,0.0704,True
yaw,2.0,000049,16,Van,32.04,3,0.0,60.2,261,261,0.6509,-30.88,0.45,0.3338,True
yaw,2.0,000049,17,Car,17.43,3,0.38,70.2,56,20,0.6229,-19.42,2.23,0.16,True
yaw,2.0,000061,0,Van,15.23,3,0.05,144.3,969,969,0.6822,-33.17,1.76,0.5325,True
yaw,2.0,000061,1,Car,10.93,3,0.79,115.8,438,0,0.0,,,0.0,False
yaw,2.0,000061,2,Car,33.21,2,0.0,36.4,3,3,0.0479,-39.49,1.76,0.0,False
yaw,2.0,000061,3,Car,16.63,1,0.14,79.5,131,108,0.5434,-20.06,3.49,0.3353,True
yaw,2.0,000061,4,Misc,34.42,3,0.0,23.9,70,70,0.2717,-29.0,0.69,0.2059,True
yaw,2.0,000061,5,Van,40.44,3,0.0,46.2,14,14,0.1423,-28.95,0.71,0.0,False
yaw,3.0,000001,0,Truck,69.44,0,0.0,32.8,70,70,0.0,-37.71,1.15,0.0,True
yaw,3.0,000001,1,Car,58.49,0,0.0,21.6,9,9,0.0,-41.56,0.66,0.0,True
yaw,3.0,000001,2,Cyclist,45.84,3,0.0,30.0,18,18,0.0,-38.13,0.59,0.0,True
yaw,3.0,000004,0,Car,38.26,0,0.0,30.5,67,67,0.1772,-45.48,0.91,0.1112,True
yaw,3.0,000004,1,Car,51.17,0,0.0,20.7,26,26,0.0,-42.35,0.72,0.0,True
yaw,3.0,000007,0,Car,25.01,0,0.0,50.2,170,170,0.1513,-37.85,0.82,0.1136,True
yaw,3.0,000007,1,Car,47.55,0,0.0,22.3,18,18,0.0,-39.24,0.46,0.0,True
yaw,3.0,000007,2,Car,60.52,0,0.0,18.2,5,5,0.0,-38.31,0.6,0.0,False
yaw,3.0,000007,3,Cyclist,34.09,0,0.0,37.5,24,24,0.0,-44.11,0.87,0.0,True
yaw,3.0,000008,0,Car,3.68,3,0.88,181.6,5610,1180,0.891,-21.7,-0.13,0.7849,True
yaw,3.0,000008,1,Car,7.86,1,0.0,193.1,1570,1570,0.742,-41.99,1.05,0.6592,True
yaw,3.0,000008,2,Car,6.15,3,0.34,176.6,995,930,0.7836,-36.63,-0.72,0.6852,True
yaw,3.0,000008,3,Car,14.44,1,0.0,85.0,620,620,0.5141,-38.43,1.09,0.4509,True
yaw,3.0,000008,4,Car,33.2,0,0.0,39.6,41,41,0.1213,-39.24,0.81,0.0321,True
yaw,3.0,000008,5,Car,19.96,0,0.0,61.9,164,164,0.2243,-44.12,0.07,0.1775,True
yaw,3.0,000009,0,Car,23.88,0,0.0,52.5,185,185,0.1928,-38.11,0.64,0.1706,True
yaw,3.0,000009,1,Car,66.37,2,0.0,16.2,4,4,0.0,-37.86,0.47,0.0,False
yaw,3.0,000009,2,Car,68.25,0,0.0,15.4,1,1,0.0,-38.01,0.42,0.0,False
yaw,3.0,000010,0,Car,5.2,0,0.8,191.5,1511,462,0.8222,-23.89,-0.49,0.7631,True
yaw,3.0,000010,1,Car,11.8,0,0.0,109.0,998,998,0.6353,-41.34,1.65,0.5937,True
yaw,3.0,000010,2,Pedestrian,23.51,2,0.0,61.6,23,23,0.0,-44.49,0.41,0.0,True
yaw,3.0,000010,3,Car,16.5,0,0.0,73.4,327,327,0.4186,-42.65,0.23,0.3429,True
yaw,3.0,000010,4,Car,22.05,2,0.0,52.5,47,47,0.2987,-41.07,0.43,0.1358,True
yaw,3.0,000010,5,Car,23.64,0,0.0,51.6,205,205,0.3266,-38.13,0.92,0.2791,True
yaw,3.0,000010,6,Car,29.07,2,0.0,39.5,45,45,0.1684,-37.9,0.75,0.1653,True
yaw,3.0,000010,7,Car,28.53,1,0.0,42.1,22,22,0.1467,-40.34,0.52,0.0,True
yaw,3.0,000010,8,Car,42.85,1,0.0,28.8,15,15,0.0603,-38.06,0.59,0.0125,True
yaw,3.0,000011,0,Pedestrian,12.42,1,0.0,114.9,141,141,0.122,-47.26,0.22,0.0468,True
yaw,3.0,000011,1,Pedestrian,13.43,2,0.0,104.0,23,23,0.1412,-43.41,0.12,0.1257,True
yaw,3.0,000011,2,Car,26.64,0,0.0,54.8,176,176,0.2055,-39.67,1.35,0.177,True
yaw,3.0,000011,3,Pedestrian,34.08,0,0.0,38.3,40,40,0.0,-37.67,0.56,0.0,True
yaw,3.0,000011,4,Car,4.13,0,0.98,156.9,2751,22,0.2723,-31.25,-0.14,0.0604,True
yaw,3.0,000011,5,Pedestrian,15.95,0,0.0,71.3,74,74,0.0,-49.42,2.01,0.0,True
yaw,3.0,000012,0,Car,58.84,0,0.0,19.2,13,13,0.0,-38.08,0.39,0.0,True
yaw,3.0,000012,1,Van,65.02,0,0.0,29.3,39,39,0.0,-39.79,0.73,0.0,True
yaw,3.0,000015,0,Car,4.1,0,0.89,178.3,5445,1521,0.8854,-21.21,1.23,0.7867,True
yaw,3.0,000015,1,Pedestrian,7.59,1,0.0,183.3,357,357,0.2913,-57.05,-1.4,0.1478,True
yaw,3.0,000015,2,Pedestrian,24.14,0,0.0,52.6,51,51,0.0,-43.89,0.29,0.0,True
yaw,3.0,000015,3,Pedestrian,24.22,0,0.0,54.9,68,68,0.0,-40.76,0.18,0.0,True
yaw,3.0,000015,4,Pedestrian,23.3,0,0.0,56.3,63,63,0.0,-41.11,0.58,0.0,True
yaw,3.0,000016,0,Car,44.41,2,0.0,22.8,24,24,0.0,-38.16,0.58,0.0,True
yaw,3.0,000016,1,Truck,26.41,2,0.0,161.6,1973,1973,0.7328,-48.46,3.44,0.455,True
yaw,3.0,000016,2,Car,33.13,0,0.0,33.1,46,46,0.1151,-38.46,0.79,0.0,True
yaw,3.0,000016,3,Car,6.05,0,0.5,180.4,1993,1372,0.8863,-21.94,0.01,0.7527,True
yaw,3.0,000016,4,Car,46.74,0,0.0,23.4,10,10,0.0,-39.02,0.61,0.0,True
yaw,3.0,000016,5,Tram,90.96,2,0.0,29.9,0,0,0.2255,-37.82,1.23,0.0,False
yaw,3.0,000019,0,Truck,5.46,1,0.74,374.0,7484,4274,0.9032,-20.56,0.0,0.6532,True
yaw,3.0,000019,1,Car,9.72,0,0.0,136.9,1064,1064,0.6437,-42.14,-0.74,0.5218,True
yaw,3.0,000019,2,Van,35.34,0,0.0,43.3,98,98,0.0699,-37.97,0.96,0.044,True
yaw,3.0,000019,3,Car,59.59,0,0.0,20.2,19,19,0.0,-38.23,0.43,0.0,True
yaw,3.0,000021,0,Cyclist,3.14,0,0.89,183.5,1206,480,0.7879,-23.82,-0.84,0.8853,True
yaw,3.0,000021,1,Car,13.3,0,0.0,91.7,778,778,0.5673,-41.77,1.73,0.5456,True
yaw,3.0,000021,2,Car,17.6,1,0.0,83.1,204,204,0.4746,-39.35,1.98,0.4842,True
yaw,3.0,000021,3,Van,21.3,1,0.0,98.6,933,933,0.6282,-47.64,0.98,0.4744,True
yaw,3.0,000021,4,Car,25.97,0,0.0,44.0,146,146,0.2423,-39.28,0.89,0.1937,True
yaw,3.0,000021,5,Car,26.83,1,0.0,50.6,107,107,0.2279,-38.25,1.17,0.2128,True
yaw,3.0,000021,6,Car,32.13,2,0.0,43.2,45,45,0.1683,-38.87,0.96,0.1402,True
yaw,3.0,000021,7,Car,31.78,2,0.0,40.5,26,26,0.0657,-38.13,0.76,0.0199,True
yaw,3.0,000023,0,Truck,69.29,0,0.0,32.9,74,74,0.0,-37.41,1.19,0.0,True
yaw,3.0,000023,1,Car,55.08,0,0.0,23.0,13,13,0.0,-42.08,0.64,0.0,True
yaw,3.0,000023,2,Cyclist,44.76,3,0.0,30.7,18,18,0.0,-38.14,0.51,0.0,True
yaw,3.0,000025,0,Car,3.14,3,0.94,155.8,1286,177,0.8819,-21.3,-0.72,0.6452,True
yaw,3.0,000025,1,Car,10.42,0,0.0,125.4,1088,1088,0.619,-41.89,1.66,0.5341,True
yaw,3.0,000025,2,Car,30.18,0,0.0,43.9,54,54,0.1836,-38.19,0.93,0.1056,True
yaw,3.0,000025,3,Car,17.48,0,0.0,71.0,311,311,0.3368,-39.38,0.46,0.2739,True
yaw,3.0,000025,4,Cyclist,44.63,3,0.0,29.8,17,17,0.0,-37.92,0.5,0.0,True
yaw,3.0,000025,5,Car,22.3,1,0.0,49.2,27,27,0.1966,-39.18,0.27,0.0,True
yaw,3.0,000031,0,Car,12.2,0,0.0,116.8,984,984,0.5632,-41.93,1.91,0.4864,True
yaw,3.0,000031,1,Car,8.46,0,0.0,161.1,932,932,0.6743,-45.05,-0.88,0.5739,True
yaw,3.0,000031,2,Car,13.14,1,0.0,98.0,501,501,0.5429,-39.83,0.05,0.3412,True
yaw,3.0,000031,3,Truck,22.27,2,0.0,96.7,323,323,0.4022,-39.57,1.35,0.3393,True
yaw,3.0,000031,4,Car,26.41,0,0.0,43.3,141,141,0.1459,-38.37,0.56,0.112,True
yaw,3.0,000031,5,Van,51.9,0,0.0,28.9,31,31,0.0,-37.85,0.66,0.0,True
yaw,3.0,000032,0,Car,9.0,0,0.0,155.4,1409,1409,0.6654,-47.91,3.59,0.6286,True
yaw,3.0,000032,1,Car,8.6,0,0.0,153.1,1273,1273,0.6746,-44.57,-0.45,0.5806,True
yaw,3.0,000032,2,Van,14.34,1,0.0,123.1,790,790,0.5489,-41.95,2.28,0.5274,True
yaw,3.0,000032,3,Car,13.47,1,0.0,93.4,401,401,0.574,-40.06,-0.14,0.3763,True
yaw,3.0,000032,4,Car,19.85,2,0.0,57.4,68,68,0.2586,-39.32,0.81,0.1352,True
yaw,3.0,000032,5,Van,22.71,2,0.0,89.4,584,584,0.6551,-50.38,1.3,0.5173,True
yaw,3.0,000032,6,Car,25.25,2,0.0,55.2,75,75,0.333,-39.27,1.05,0.1688,True
yaw,3.0,000032,7,Van,44.71,0,0.0,33.9,62,62,0.0,-37.85,0.73,0.0,True
yaw,3.0,000032,8,Van,39.04,2,0.0,51.9,154,154,0.5112,-41.52,0.75,0.2499,True
yaw,3.0,000032,9,Car,44.75,0,0.0,25.4,38,38,0.0,-38.87,0.85,0.0,True
yaw,3.0,000043,0,Pedestrian,12.56,0,0.0,91.7,148,148,0.0,-40.14,1.01,0.0,True
yaw,3.0,000043,1,Pedestrian,12.34,0,0.0,98.0,170,170,0.0,-42.47,1.22,0.0,True
yaw,3.0,000043,2,Pedestrian,20.51,0,0.0,68.2,84,84,0.0,-40.16,0.44,0.0,True
yaw,3.0,000043,3,Pedestrian,20.3,0,0.0,69.7,88,88,0.0,-41.62,0.33,0.0,True
yaw,3.0,000048,0,Pedestrian,16.82,0,0.0,76.1,109,109,0.0,-43.18,0.18,0.0,True
yaw,3.0,000048,1,Pedestrian,17.03,0,0.0,78.8,127,127,0.0,-40.64,0.4,0.0,True
yaw,3.0,000048,2,Pedestrian,16.26,0,0.0,81.5,113,113,0.0,-48.02,0.76,0.0,True
yaw,3.0,000048,3,Cyclist,30.42,0,0.0,44.1,39,39,0.0,-37.65,0.32,0.0,True
yaw,3.0,000049,0,Car,21.55,0,0.0,50.2,200,200,0.2331,-37.96,0.79,0.1925,True
yaw,3.0,000049,1,Car,13.75,0,0.0,84.1,864,864,0.6093,-43.03,2.09,0.5418,True
yaw,3.0,000049,2,Car,21.82,2,0.0,52.6,140,140,0.4339,-40.18,1.25,0.4979,True
yaw,3.0,000049,3,Car,24.83,2,0.0,44.7,73,73,0.4265,-39.66,1.24,0.4265,True
yaw,3.0,000049,4,Car,32.49,2,0.0,32.3,18,18,0.3451,-38.97,1.08,0.0901,True
yaw,3.0,000049,5,Van,45.7,3,0.0,36.7,79,79,0.2873,-38.35,0.94,0.2508,True
yaw,3.0,000049,6,Pedestrian,4.71,3,0.29,185.9,807,723,0.476,-58.57,0.27,0.3851,True
yaw,3.0,000049,7,Car,9.53,1,0.0,138.5,548,548,0.6779,-47.0,-0.98,0.5331,True
yaw,3.0,000049,8,Car,14.89,1,0.0,78.2,423,423,0.5173,-41.16,-0.12,0.3714,True
yaw,3.0,000049,9,Car,20.2,2,0.0,68.8,181,181,0.4058,-39.48,1.01,0.3511,True
yaw,3.0,000049,10,Pedestrian,32.55,0,0.0,36.5,42,42,0.0,-41.38,0.46,0.0,True
yaw,3.0,000049,11,Car,31.83,2,0.0,40.7,74,74,0.4228,-41.03,0.54,0.3281,True
yaw,3.0,000049,12,Car,12.04,3,0.07,102.0,435,383,0.7651,-24.6,3.31,0.665,True
yaw,3.0,000049,13,Car,17.23,1,0.0,66.9,308,308,0.496,-48.28,1.8,0.4965,True
yaw,3.0,000049,14,Car,35.67,2,0.0,32.7,2,2,0.0,-38.14,0.77,0.0,False
yaw,3.0,000049,15,Car,21.69,2,0.0,53.2,8,8,0.3388,-44.85,1.55,0.0689,True
yaw,3.0,000049,16,Van,32.04,3,0.0,60.2,261,261,0.5249,-46.08,0.56,0.2744,True
yaw,3.0,000049,17,Car,17.43,3,0.38,70.2,56,10,0.4518,-29.44,2.87,0.048,True
yaw,3.0,000061,0,Van,15.23,3,0.05,144.3,969,969,0.541,-52.1,1.91,0.4232,True
yaw,3.0,000061,1,Car,10.93,3,0.79,115.8,438,0,0.0,,,0.0,False
yaw,3.0,000061,2,Car,33.21,2,0.0,36.4,3,3,0.0,-60.06,2.7,0.0,False
yaw,3.0,000061,3,Car,16.63,1,0.14,79.5,131,58,0.3351,-30.35,4.93,0.1777,True
yaw,3.0,000061,4,Misc,34.42,3,0.0,23.9,70,70,0.0824,-43.34,0.95,0.0612,True
yaw,3.0,000061,5,Van,40.44,3,0.0,46.2,14,14,0.0,-43.23,1.06,0.0,False
pitch,0.5,000001,0,Truck,69.44,0,0.0,32.8,70,70,0.6317,0.33,7.09,0.5809,True
pitch,0.5,000001,1,Car,58.49,0,0.0,21.6,9,9,0.5432,0.12,6.38,0.0251,True
pitch,0.5,000001,2,Cyclist,45.84,3,0.0,30.0,18,18,0.6281,0.17,6.52,0.4757,True
pitch,0.5,000004,0,Car,38.26,0,0.0,30.5,67,67,0.6564,0.07,6.35,0.3698,True
pitch,0.5,000004,1,Car,51.17,0,0.0,20.7,26,26,0.5282,0.05,6.38,0.4026,True
pitch,0.5,000007,0,Car,25.01,0,0.0,50.2,170,170,0.7483,0.6,6.7,0.7413,True
pitch,0.5,000007,1,Car,47.55,0,0.0,22.3,18,18,0.5586,0.1,6.28,0.1388,True
pitch,0.5,000007,2,Car,60.52,0,0.0,18.2,5,5,0.4706,0.13,6.5,0.0,False
pitch,0.5,000007,3,Cyclist,34.09,0,0.0,37.5,24,24,0.7003,0.05,6.49,0.4448,True
pitch,0.5,000008,0,Car,3.68,3,0.88,181.6,5610,1343,0.9684,0.19,2.79,0.8574,True
pitch,0.5,000008,1,Car,7.86,1,0.0,193.1,1570,1570,0.9565,0.24,4.09,0.7478,True
pitch,0.5,000008,2,Car,6.15,3,0.34,176.6,995,815,0.9661,0.87,2.5,0.8201,True
pitch,0.5,000008,3,Car,14.44,1,0.0,85.0,620,620,0.8361,0.54,7.31,0.7684,True
pitch,0.5,000008,4,Car,33.2,0,0.0,39.6,41,41,0.6955,0.38,6.87,0.5753,True
pitch,0.5,000008,5,Car,19.96,0,0.0,61.9,164,164,0.7934,0.54,6.76,0.6872,True
pitch,0.5,000009,0,Car,23.88,0,0.0,52.5,185,185,0.7617,0.26,6.68,0.7137,True
pitch,0.5,000009,1,Car,66.37,2,0.0,16.2,4,4,0.432,0.19,6.39,0.0,False
pitch,0.5,000009,2,Car,68.25,0,0.0,15.4,1,1,0.4172,0.13,6.32,0.0,False
pitch,0.5,000010,0,Car,5.2,0,0.8,191.5,1511,238,0.9644,1.01,2.58,0.8195,True
pitch,0.5,000010,1,Car,11.8,0,0.0,109.0,998,998,0.8771,0.31,7.06,0.7393,True
pitch,0.5,000010,2,Pedestrian,23.51,2,0.0,61.6,23,23,0.5746,-2.07,6.58,0.207,True
pitch,0.5,000010,3,Car,16.5,0,0.0,73.4,327,327,0.8179,0.44,7.02,0.7366,True
pitch,0.5,000010,4,Car,22.05,2,0.0,52.5,47,47,0.76,0.65,6.86,0.5347,True
pitch,0.5,000010,5,Car,23.64,0,0.0,51.6,205,205,0.7606,0.35,6.88,0.689,True
pitch,0.5,000010,6,Car,29.07,2,0.0,39.5,45,45,0.7025,0.38,6.73,0.4193,True
pitch,0.5,000010,7,Car,28.53,1,0.0,42.1,22,22,0.7154,0.42,6.78,0.4373,True
pitch,0.5,000010,8,Car,42.85,1,0.0,28.8,15,15,0.6223,0.32,6.58,0.4376,True
pitch,0.5,000011,0,Pedestrian,12.42,1,0.0,114.9,141,141,0.6847,-2.89,6.77,0.764,True
pitch,0.5,000011,1,Pedestrian,13.43,2,0.0,104.0,23,23,0.8585,0.75,6.69,0.4536,True
pitch,0.5,000011,2,Car,26.64,0,0.0,54.8,176,176,0.7626,0.34,7.08,0.7128,True
pitch,0.5,000011,3,Pedestrian,34.08,0,0.0,38.3,40,40,0.4974,0.57,6.52,0.6879,True
pitch,0.5,000011,4,Car,4.13,0,0.98,156.9,2751,196,0.9652,-0.28,2.23,0.6462,True
pitch,0.5,000011,5,Pedestrian,15.95,0,0.0,71.3,74,74,0.6623,-0.54,6.71,0.6856,True
pitch,0.5,000012,0,Car,58.84,0,0.0,19.2,13,13,0.501,0.16,6.37,0.2048,True
pitch,0.5,000012,1,Van,65.02,0,0.0,29.3,39,39,0.6302,0.18,6.5,0.4854,True
pitch,0.5,000015,0,Car,4.1,0,0.89,178.3,5445,1549,0.9546,0.05,4.02,0.8556,True
pitch,0.5,000015,1,Pedestrian,7.59,1,0.0,183.3,357,357,0.5406,-4.05,6.19,0.7428,True
pitch,0.5,000015,2,Pedestrian,24.14,0,0.0,52.6,51,51,0.4882,-5.53,6.33,0.4486,True
pitch,0.5,000015,3,Pedestrian,24.22,0,0.0,54.9,68,68,0.5842,-2.16,6.24,0.4729,True
pitch,0.5,000015,4,Pedestrian,23.3,0,0.0,56.3,63,63,0.5965,-2.6,6.43,0.6255,True
pitch,0.5,000016,0,Car,44.41,2,0.0,22.8,24,24,0.5509,0.14,6.54,0.1666,True
pitch,0.5,000016,1,Truck,26.41,2,0.0,161.6,1973,1973,0.885,0.08,9.64,0.5334,True
pitch,0.5,000016,2,Car,33.13,0,0.0,33.1,46,46,0.6519,0.24,6.82,0.4053,True
pitch,0.5,000016,3,Car,6.05,0,0.5,180.4,1993,1684,0.9674,-0.12,2.89,0.8302,True
pitch,0.5,000016,4,Car,46.74,0,0.0,23.4,10,10,0.566,0.07,6.44,0.0888,True
pitch,0.5,000016,5,Tram,90.96,2,0.0,29.9,0,0,0.61,0.22,7.15,0.0,False
pitch,0.5,000019,0,Truck,5.46,1,0.74,374.0,7484,4810,0.9972,0.61,0.0,0.702,True
pitch,0.5,000019,1,Car,9.72,0,0.0,136.9,1064,1064,0.8973,1.1,6.77,0.7384,True
pitch,0.5,000019,2,Van,35.34,0,0.0,43.3,98,98,0.7132,0.31,6.93,0.5775,True
pitch,0.5,000019,3,Car,59.59,0,0.0,20.2,19,19,0.5213,0.12,6.29,0.3088,True
pitch,0.5,000021,0,Cyclist,3.14,0,0.89,183.5,1206,163,0.9431,2.88,2.44,0.4972,True
pitch,0.5,000021,1,Car,13.3,0,0.0,91.7,778,778,0.8534,-0.06,7.24,0.7592,True
pitch,0.5,000021,2,Car,17.6,1,0.0,83.1,204,204,0.8197,0.48,7.81,0.5356,True
pitch,0.5,000021,3,Van,21.3,1,0.0,98.6,933,933,0.8673,0.65,6.68,0.6772,True
pitch,0.5,000021,4,Car,25.97,0,0.0,44.0,146,146,0.7182,0.29,7.03,0.7086,True
pitch,0.5,000021,5,Car,26.83,1,0.0,50.6,107,107,0.7438,0.34,7.11,0.5312,True
pitch,0.5,000021,6,Car,32.13,2,0.0,43.2,45,45,0.7148,0.24,6.98,0.6809,True
pitch,0.5,000021,7,Car,31.78,2,0.0,40.5,26,26,0.7088,0.23,6.71,0.2106,True
pitch,0.5,000023,0,Truck,69.29,0,0.0,32.9,74,74,0.6206,0.64,7.13,0.5705,True
pitch,0.5,000023,1,Car,55.08,0,0.0,23.0,13,13,0.5699,0.06,6.31,0.0741,True
pitch,0.5,000023,2,Cyclist,44.76,3,0.0,30.7,18,18,0.6382,0.18,6.44,0.3654,True
pitch,0.5,000025,0,Car,3.14,3,0.94,155.8,1286,123,0.9572,1.34,2.75,0.5902,True
pitch,0.5,000025,1,Car,10.42,0,0.0,125.4,1088,1088,0.89,0.01,7.1,0.7624,True
pitch,0.5,000025,2,Car,30.18,0,0.0,43.9,54,54,0.723,0.17,6.87,0.5914,True
pitch,0.5,000025,3,Car,17.48,0,0.0,71.0,311,311,0.8121,0.61,6.93,0.6952,True
pitch,0.5,000025,4,Cyclist,44.63,3,0.0,29.8,17,17,0.6177,0.24,6.46,0.4688,True
pitch,0.5,000025,5,Car,22.3,1,0.0,49.2,27,27,0.7582,0.35,6.59,0.1926,True
pitch,0.5,000031,0,Car,12.2,0,0.0,116.8,984,984,0.8857,0.57,6.74,0.7604,True
pitch,0.5,000031,1,Car,8.46,0,0.0,161.1,932,932,0.913,0.96,6.74,0.7963,True
pitch,0.5,000031,2,Car,13.14,1,0.0,98.0,501,501,0.864,0.96,6.55,0.6445,True
pitch,0.5,000031,3,Truck,22.27,2,0.0,96.7,323,323,0.8541,0.24,7.35,0.744,True
pitch,0.5,000031,4,Car,26.41,0,0.0,43.3,141,141,0.7284,0.21,6.63,0.685,True
pitch,0.5,000031,5,Van,51.9,0,0.0,28.9,31,31,0.6185,0.23,6.59,0.5503,True
pitch,0.5,000032,0,Car,9.0,0,0.0,155.4,1409,1409,0.904,-0.13,7.47,0.7453,True
pitch,0.5,000032,1,Car,8.6,0,0.0,153.1,1273,1273,0.9059,0.89,7.06,0.8148,True
pitch,0.5,000032,2,Van,14.34,1,0.0,123.1,790,790,0.879,0.33,7.65,0.735,True
pitch,0.5,000032,3,Car,13.47,1,0.0,93.4,401,401,0.8636,0.94,6.36,0.6282,True
pitch,0.5,000032,4,Car,19.85,2,0.0,57.4,68,68,0.7753,0.2,7.09,0.5999,True
pitch,0.5,000032,5,Van,22.71,2,0.0,89.4,584,584,0.849,0.13,7.18,0.477,True
pitch,0.5,000032,6,Car,25.25,2,0.0,55.2,75,75,0.7619,0.5,7.17,0.3859,True
pitch,0.5,000032,7,Van,44.71,0,0.0,33.9,62,62,0.6614,0.26,6.67,0.5232,True
pitch,0.5,000032,8,Van,39.04,2,0.0,51.9,154,154,0.7667,0.42,6.63,0.4529,True
pitch,0.5,000032,9,Car,44.75,0,0.0,25.4,38,38,0.5766,0.2,6.71,0.3114,True
pitch,0.5,000043,0,Pedestrian,12.56,0,0.0,91.7,148,148,0.6479,0.02,6.61,0.7991,True
pitch,0.5,000043,1,Pedestrian,12.34,0,0.0,98.0,170,170,0.797,-1.56,6.75,0.7944,True
pitch,0.5,000043,2,Pedestrian,20.51,0,0.0,68.2,84,84,0.6814,-1.42,6.51,0.6606,True
pitch,0.5,000043,3,Pedestrian,20.3,0,0.0,69.7,88,88,0.6275,-2.47,6.43,0.8496,True
pitch,0.5,000048,0,Pedestrian,16.82,0,0.0,76.1,109,109,0.6484,-4.67,6.25,0.7264,True
pitch,0.5,000048,1,Pedestrian,17.03,0,0.0,78.8,127,127,0.6357,-1.92,6.47,0.5803,True
pitch,0.5,000048,2,Pedestrian,16.26,0,0.0,81.5,113,113,0.5366,-7.82,6.45,0.5328,True
pitch,0.5,000048,3,Cyclist,30.42,0,0.0,44.1,39,39,0.7252,0.38,6.24,0.452,True
pitch,0.5,000049,0,Car,21.55,0,0.0,50.2,200,200,0.7515,0.51,6.77,0.7486,True
pitch,0.5,000049,1,Car,13.75,0,0.0,84.1,864,864,0.834,0.03,7.52,0.8158,True
pitch,0.5,000049,2,Car,21.82,2,0.0,52.6,140,140,0.7624,0.34,6.98,0.5054,True
pitch,0.5,000049,3,Car,24.83,2,0.0,44.7,73,73,0.7246,0.25,7.07,0.4732,True
pitch,0.5,000049,4,Car,32.49,2,0.0,32.3,18,18,0.6419,0.25,6.98,0.0884,True
pitch,0.5,000049,5,Van,45.7,3,0.0,36.7,79,79,0.6794,0.26,6.9,0.5696,True
pitch,0.5,000049,6,Pedestrian,4.71,3,0.29,185.9,807,702,0.7025,-4.61,3.48,0.72,True
pitch,0.5,000049,7,Car,9.53,1,0.0,138.5,548,548,0.8991,0.99,6.91,0.7592,True
pitch,0.5,000049,8,Car,14.89,1,0.0,78.2,423,423,0.8428,0.46,6.47,0.6928,True
pitch,0.5,000049,9,Car,20.2,2,0.0,68.8,181,181,0.8011,0.54,7.22,0.7637,True
pitch,0.5,000049,10,Pedestrian,32.55,0,0.0,36.5,42,42,0.5151,-2.82,6.47,0.5823,True
pitch,0.5,000049,11,Car,31.83,2,0.0,40.7,74,74,0.7139,0.29,6.63,0.4793,True
pitch,0.5,000049,12,Car,12.04,3,0.07,102.0,435,435,0.8673,-0.01,7.32,0.7147,True
pitch,0.5,000049,13,Car,17.23,1,0.0,66.9,308,308,0.8089,0.18,7.02,0.5965,True
pitch,0.5,000049,14,Car,35.67,2,0.0,32.7,2,2,0.6539,0.06,6.73,0.0,False
pitch,0.5,000049,15,Car,21.69,2,0.0,53.2,8,8,0.767,0.04,6.96,0.0676,True
pitch,0.5,000049,16,Van,32.04,3,0.0,60.2,261,261,0.7958,0.46,6.62,0.462,True
pitch,0.5,000049,17,Car,17.43,3,0.38,70.2,56,49,0.8061,-0.11,7.48,0.4437,True
pitch,0.5,000061,0,Van,15.23,3,0.05,144.3,969,969,0.8874,0.92,7.95,0.769,True
pitch,0.5,000061,1,Car,10.93,3,0.79,115.8,438,107,0.8007,-0.06,13.61,0.6835,True
pitch,0.5,000061,2,Car,33.21,2,0.0,36.4,3,3,0.6959,-0.31,6.4,0.0,False
pitch,0.5,000061,3,Car,16.63,1,0.14,79.5,131,131,0.828,-0.4,7.32,0.4847,True
pitch,0.5,000061,4,Misc,34.42,3,0.0,23.9,70,70,0.5602,0.3,6.5,0.5279,True
pitch,0.5,000061,5,Van,40.44,3,0.0,46.2,14,14,0.7498,0.2,6.32,0.0,False
pitch,1.0,000001,0,Truck,69.44,0,0.0,32.8,70,70,0.41,0.4,13.42,0.3582,True
pitch,1.0,000001,1,Car,58.49,0,0.0,21.6,9,9,0.2605,0.11,12.71,0.0,True
pitch,1.0,000001,2,Cyclist,45.84,3,0.0,30.0,18,18,0.388,0.25,12.86,0.2806,True
pitch,1.0,000004,0,Car,38.26,0,0.0,30.5,67,67,0.4152,0.0,12.71,0.1819,True
pitch,1.0,000004,1,Car,51.17,0,0.0,20.7,26,26,0.2406,0.04,12.72,0.1067,True
pitch,1.0,000007,0,Car,25.01,0,0.0,50.2,170,170,0.5739,0.65,13.09,0.5711,True
pitch,1.0,000007,1,Car,47.55,0,0.0,22.3,18,18,0.2797,0.12,12.62,0.0,True
pitch,1.0,000007,2,Car,60.52,0,0.0,18.2,5,5,0.1725,0.18,12.83,0.0,False
pitch,1.0,000007,3,Cyclist,34.09,0,0.0,37.5,24,24,0.4894,0.02,12.85,0.3154,True
pitch,1.0,000008,0,Car,3.68,3,0.88,181.6,5610,1236,0.9321,0.18,6.1,0.8205,True
pitch,1.0,000008,1,Car,7.86,1,0.0,193.1,1570,1570,0.9234,-0.01,7.33,0.7509,True
pitch,1.0,000008,2,Car,6.15,3,0.34,176.6,995,754,0.9286,0.99,5.77,0.7824,True
pitch,1.0,000008,3,Car,14.44,1,0.0,85.0,620,620,0.7164,0.66,13.79,0.7072,True
pitch,1.0,000008,4,Car,33.2,0,0.0,39.6,41,41,0.4918,0.5,13.23,0.4118,True
pitch,1.0,000008,5,Car,19.96,0,0.0,61.9,164,164,0.6388,0.81,13.19,0.5524,True
pitch,1.0,000009,0,Car,23.88,0,0.0,52.5,185,185,0.5937,0.34,13.07,0.545,True
pitch,1.0,000009,1,Car,66.37,2,0.0,16.2,4,4,0.1222,0.26,12.72,0.0,False
pitch,1.0,000009,2,Car,68.25,0,0.0,15.4,1,1,0.1003,0.19,12.65,0.0,False
pitch,1.0,000010,0,Car,5.2,0,0.8,191.5,1511,217,0.9296,1.12,5.86,0.7781,True
pitch,1.0,000010,1,Car,11.8,0,0.0,109.0,998,998,0.7785,0.16,13.62,0.7237,True
pitch,1.0,000010,2,Pedestrian,23.51,2,0.0,61.6,23,23,0.4733,-1.89,12.97,0.2063,True
pitch,1.0,000010,3,Car,16.5,0,0.0,73.4,327,327,0.6851,0.72,13.47,0.6103,True
pitch,1.0,000010,4,Car,22.05,2,0.0,52.5,47,47,0.5901,0.86,13.27,0.4133,True
pitch,1.0,000010,5,Car,23.64,0,0.0,51.6,205,205,0.589,0.4,13.28,0.5295,True
pitch,1.0,000010,6,Car,29.07,2,0.0,39.5,45,45,0.4989,0.46,13.11,0.3125,True
pitch,1.0,000010,7,Car,28.53,1,0.0,42.1,22,22,0.5189,0.6,13.16,0.3229,True
pitch,1.0,000010,8,Car,42.85,1,0.0,28.8,15,15,0.378,0.42,12.93,0.2364,True
pitch,1.0,000011,0,Pedestrian,12.42,1,0.0,114.9,141,141,0.6146,-2.63,13.27,0.7106,True
pitch,1.0,000011,1,Pedestrian,13.43,2,0.0,104.0,23,23,0.7524,1.01,13.17,0.4325,True
pitch,1.0,000011,2,Car,26.64,0,0.0,54.8,176,176,0.5988,0.34,13.47,0.5532,True
pitch,1.0,000011,3,Pedestrian,34.08,0,0.0,38.3,40,40,0.3613,0.65,12.88,0.4626,True
pitch,1.0,000011,4,Car,4.13,0,0.98,156.9,2751,181,0.9203,-0.42,5.53,0.6009,True
pitch,1.0,000011,5,Pedestrian,15.95,0,0.0,71.3,74,74,0.5543,-0.75,13.17,0.6208,True
pitch,1.0,000012,0,Car,58.84,0,0.0,19.2,13,13,0.2059,0.26,12.71,0.0208,True
pitch,1.0,000012,1,Van,65.02,0,0.0,29.3,39,39,0.3888,0.2,12.83,0.3288,True
pitch,1.0,000015,0,Car,4.1,0,0.89,178.3,5445,1442,0.9181,0.05,7.29,0.789,True
pitch,1.0,000015,1,Pedestrian,7.59,1,0.0,183.3,357,357,0.506,-3.55,12.85,0.7534,True
pitch,1.0,000015,2,Pedestrian,24.14,0,0.0,52.6,51,51,0.3981,-5.44,12.69,0.3864,True
pitch,1.0,000015,3,Pedestrian,24.22,0,0.0,54.9,68,68,0.4707,-2.05,12.6,0.4024,True
pitch,1.0,000015,4,Pedestrian,23.3,0,0.0,56.3,63,63,0.4829,-2.56,12.78,0.5124,True
pitch,1.0,000016,0,Car,44.41,2,0.0,22.8,24,24,0.2762,0.22,12.89,0.0,True
pitch,1.0,000016,1,Truck,26.41,2,0.0,161.6,1973,1973,0.8178,-0.09,16.11,0.5338,True
pitch,1.0,000016,2,Car,33.13,0,0.0,33.1,46,46,0.4264,0.34,13.18,0.2459,True
pitch,1.0,000016,3,Car,6.05,0,0.5,180.4,1993,1623,0.9312,-0.13,6.15,0.7932,True
pitch,1.0,000016,4,Car,46.74,0,0.0,23.4,10,10,0.2952,0.1,12.78,0.0,True
pitch,1.0,000016,5,Tram,90.96,2,0.0,29.9,0,0,0.3758,0.29,13.47,0.0,False
pitch,1.0,000019,0,Truck,5.46,1,0.74,374.0,7484,4753,0.9967,0.71,0.0,0.6841,True
pitch,1.0,000019,1,Car,9.72,0,0.0,136.9,1064,1064,0.812,1.54,13.42,0.7411,True
pitch,1.0,000019,2,Van,35.34,0,0.0,43.3,98,98,0.5213,0.4,13.29,0.4138,True
pitch,1.0,000019,3,Car,59.59,0,0.0,20.2,19,19,0.2328,0.16,12.63,0.1017,True
pitch,1.0,000021,0,Cyclist,3.14,0,0.89,183.5,1206,148,0.906,3.04,5.8,0.4714,True
pitch,1.0,000021,1,Car,13.3,0,0.0,91.7,778,778,0.7395,-0.17,13.74,0.6825,True
pitch,1.0,000021,2,Car,17.6,1,0.0,83.1,204,204,0.7013,0.46,14.26,0.4987,True
pitch,1.0,000021,3,Van,21.3,1,0.0,98.6,933,933,0.7588,0.83,13.09,0.5807,True
pitch,1.0,000021,4,Car,25.97,0,0.0,44.0,146,146,0.5264,0.42,13.42,0.5339,True
pitch,1.0,000021,5,Car,26.83,1,0.0,50.6,107,107,0.5722,0.39,13.49,0.4185,True
pitch,1.0,000021,6,Car,32.13,2,0.0,43.2,45,45,0.5223,0.35,13.34,0.4942,True
pitch,1.0,000021,7,Car,31.78,2,0.0,40.5,26,26,0.5062,0.28,13.07,0.1568,True
pitch,1.0,000023,0,Truck,69.29,0,0.0,32.9,74,74,0.404,0.71,13.46,0.3557,True
pitch,1.0,000023,1,Car,55.08,0,0.0,23.0,13,13,0.2935,0.05,12.65,0.0,True
pitch,1.0,000023,2,Cyclist,44.76,3,0.0,30.7,18,18,0.4002,0.26,12.79,0.232,True
pitch,1.0,000025,0,Car,3.14,3,0.94,155.8,1286,107,0.9137,1.5,6.1,0.545,True
pitch,1.0,000025,1,Car,10.42,0,0.0,125.4,1088,1088,0.8002,-0.17,13.7,0.765,True
pitch,1.0,000025,2,Car,30.18,0,0.0,43.9,54,54,0.5329,0.23,13.25,0.4286,True
pitch,1.0,000025,3,Car,17.48,0,0.0,71.0,311,311,0.6737,0.8,13.37,0.5734,True
pitch,1.0,000025,4,Cyclist,44.63,3,0.0,29.8,17,17,0.3802,0.32,12.81,0.299,True
pitch,1.0,000025,5,Car,22.3,1,0.0,49.2,27,27,0.5779,0.52,13.0,0.1595,True
pitch,1.0,000031,0,Car,12.2,0,0.0,116.8,984,984,0.7939,0.39,13.29,0.7631,True
pitch,1.0,000031,1,Car,8.46,0,0.0,161.1,932,932,0.8368,1.53,13.45,0.8,True
pitch,1.0,000031,2,Car,13.14,1,0.0,98.0,501,501,0.7543,1.22,13.07,0.6456,True
pitch,1.0,000031,3,Truck,22.27,2,0.0,96.7,323,323,0.7465,0.25,13.76,0.6401,True
pitch,1.0,000031,4,Car,26.41,0,0.0,43.3,141,141,0.5352,0.32,13.02,0.4913,True
pitch,1.0,000031,5,Van,51.9,0,0.0,28.9,31,31,0.3738,0.31,12.93,0.3233,True
pitch,1.0,000032,0,Car,9.0,0,0.0,155.4,1409,1409,0.8273,-0.58,14.17,0.749,True
pitch,1.0,000032,1,Car,8.6,0,0.0,153.1,1273,1273,0.8269,1.44,13.76,0.8182,True
pitch,1.0,000032,2,Van,14.34,1,0.0,123.1,790,790,0.7901,0.22,14.17,0.736,True
pitch,1.0,000032,3,Car,13.47,1,0.0,93.4,401,401,0.7495,1.21,12.86,0.6292,True
pitch,1.0,000032,4,Car,19.85,2,0.0,57.4,68,68,0.6161,0.36,13.51,0.4717,True
pitch,1.0,000032,5,Van,22.71,2,0.0,89.4,584,584,0.7326,0.04,13.59,0.4773,True
pitch,1.0,000032,6,Car,25.25,2,0.0,55.2,75,75,0.5984,0.64,13.56,0.3862,True
pitch,1.0,000032,7,Van,44.71,0,0.0,33.9,62,62,0.4375,0.33,13.01,0.3297,True
pitch,1.0,000032,8,Van,39.04,2,0.0,51.9,154,154,0.592,0.55,12.98,0.4532,True
pitch,1.0,000032,9,Car,44.75,0,0.0,25.4,38,38,0.318,0.23,13.06,0.1002,True
pitch,1.0,000043,0,Pedestrian,12.56,0,0.0,91.7,148,148,0.5682,-0.01,13.1,0.7265,True
pitch,1.0,000043,1,Pedestrian,12.34,0,0.0,98.0,170,170,0.6987,-1.61,13.26,0.7306,True
pitch,1.0,000043,2,Pedestrian,20.51,0,0.0,68.2,84,84,0.569,-1.31,12.92,0.5464,True
pitch,1.0,000043,3,Pedestrian,20.3,0,0.0,69.7,88,88,0.5286,-2.34,12.84,0.6991,True
pitch,1.0,000048,0,Pedestrian,16.82,0,0.0,76.1,109,109,0.5592,-4.56,12.65,0.6165,True
pitch,1.0,000048,1,Pedestrian,17.03,0,0.0,78.8,127,127,0.5473,-1.81,12.88,0.4981,True
pitch,1.0,000048,2,Pedestrian,16.26,0,0.0,81.5,113,113,0.4679,-7.82,12.84,0.4773,True
pitch,1.0,000048,3,Cyclist,30.42,0,0.0,44.1,39,39,0.5378,0.45,12.58,0.3247,True
pitch,1.0,000049,0,Car,21.55,0,0.0,50.2,200,200,0.576,0.59,13.17,0.5635,True
pitch,1.0,000049,1,Car,13.75,0,0.0,84.1,864,864,0.7154,-0.08,14.01,0.7069,True
pitch,1.0,000049,2,Car,21.82,2,0.0,52.6,140,140,0.5933,0.33,13.38,0.403,True
pitch,1.0,000049,3,Car,24.83,2,0.0,44.7,73,73,0.5365,0.26,13.45,0.387,True
pitch,1.0,000049,4,Car,32.49,2,0.0,32.3,18,18,0.4141,0.29,13.34,0.0605,True
pitch,1.0,000049,5,Van,45.7,3,0.0,36.7,79,79,0.467,0.31,13.24,0.3873,True
pitch,1.0,000049,6,Pedestrian,4.71,3,0.29,185.9,807,683,0.6774,-3.45,6.8,0.6947,True
pitch,1.0,000049,7,Car,9.53,1,0.0,138.5,548,548,0.8137,1.62,13.57,0.7626,True
pitch,1.0,000049,8,Car,14.89,1,0.0,78.2,423,423,0.7111,0.73,12.95,0.6515,True
pitch,1.0,000049,9,Car,20.2,2,0.0,68.8,181,181,0.6596,0.71,13.65,0.6273,True
pitch,1.0,000049,10,Pedestrian,32.55,0,0.0,36.5,42,42,0.3652,-2.71,12.84,0.4082,True
pitch,1.0,000049,11,Car,31.83,2,0.0,40.7,74,74,0.509,0.46,13.0,0.3532,True
pitch,1.0,000049,12,Car,12.04,3,0.07,102.0,435,435,0.7632,-0.01,13.85,0.7017,True
pitch,1.0,000049,13,Car,17.23,1,0.0,66.9,308,308,0.6665,0.04,13.46,0.5364,True
pitch,1.0,000049,14,Car,35.67,2,0.0,32.7,2,2,0.4242,0.13,13.09,0.0,False
pitch,1.0,000049,15,Car,21.69,2,0.0,53.2,8,8,0.5964,-0.04,13.36,0.0676,True
pitch,1.0,000049,16,Van,32.04,3,0.0,60.2,261,261,0.6376,0.67,12.99,0.4626,True
pitch,1.0,000049,17,Car,17.43,3,0.38,70.2,56,49,0.6685,-0.1,13.92,0.4444,True
pitch,1.0,000061,0,Van,15.23,3,0.05,144.3,969,969,0.8113,0.87,14.46,0.7261,True
pitch,1.0,000061,1,Car,10.93,3,0.79,115.8,438,102,0.7149,-0.19,20.27,0.674,True
pitch,1.0,000061,2,Car,33.21,2,0.0,36.4,3,3,0.4737,-0.7,12.81,0.0,False
pitch,1.0,000061,3,Car,16.63,1,0.14,79.5,131,131,0.7019,-0.53,13.85,0.4855,True
pitch,1.0,000061,4,Misc,34.42,3,0.0,23.9,70,70,0.2882,0.38,12.85,0.2335,True
pitch,1.0,000061,5,Van,40.44,3,0.0,46.2,14,14,0.5615,0.23,12.67,0.0,False
pitch,2.0,000001,0,Truck,69.44,0,0.0,32.8,70,70,0.1103,0.54,26.08,0.0597,True
pitch,2.0,000001,1,Car,58.49,0,0.0,21.6,9,9,0.0,0.06,25.4,0.0,True
pitch,2.0,000001,2,Cyclist,45.84,3,0.0,30.0,18,18,0.0768,0.44,25.56,0.0125,True
pitch,2.0,000004,0,Car,38.26,0,0.0,30.5,67,67,0.0949,-0.2,25.45,0.0,True
pitch,2.0,000004,1,Car,51.17,0,0.0,20.7,26,26,0.0,-0.05,25.42,0.0,True
pitch,2.0,000007,0,Car,25.01,0,0.0,50.2,170,170,0.313,0.75,25.89,0.295,True
pitch,2.0,000007,1,Car,47.55,0,0.0,22.3,18,18,0.0,0.15,25.33,0.0,True
pitch,2.0,000007,2,Car,60.52,0,0.0,18.2,5,5,0.0,0.27,25.5,0.0,False
pitch,2.0,000007,3,Cyclist,34.09,0,0.0,37.5,24,24,0.1898,-0.11,25.59,0.1158,True
pitch,2.0,000008,0,Car,3.68,3,0.88,181.6,5610,1013,0.8594,0.12,12.73,0.7442,True
pitch,2.0,000008,1,Car,7.86,1,0.0,193.1,1570,1570,0.8534,-0.56,13.8,0.7578,True
pitch,2.0,000008,2,Car,6.15,3,0.34,176.6,995,621,0.8534,1.27,12.31,0.7073,True
pitch,2.0,000008,3,Car,14.44,1,0.0,85.0,620,620,0.519,0.91,26.78,0.5039,True
pitch,2.0,000008,4,Car,33.2,0,0.0,39.6,41,41,0.2043,0.79,25.98,0.1693,True
pitch,2.0,000008,5,Car,19.96,0,0.0,61.9,164,164,0.3997,1.44,26.06,0.3383,True
pitch,2.0,000009,0,Car,23.88,0,0.0,52.5,185,185,0.3383,0.52,25.89,0.2908,True
pitch,2.0,000009,1,Car,66.37,2,0.0,16.2,4,4,0.0,0.39,25.39,0.0,False
pitch,2.0,000009,2,Car,68.25,0,0.0,15.4,1,1,0.0,0.3,25.32,0.0,False
pitch,2.0,000010,0,Car,5.2,0,0.8,191.5,1511,134,0.8598,1.38,12.41,0.7106,True
pitch,2.0,000010,1,Car,11.8,0,0.0,109.0,998,998,0.6072,-0.17,26.78,0.5645,True
pitch,2.0,000010,2,Pedestrian,23.51,2,0.0,61.6,23,23,0.3072,-1.48,25.78,0.2048,True
pitch,2.0,000010,3,Car,16.5,0,0.0,73.4,327,327,0.4673,1.34,26.41,0.4055,True
pitch,2.0,000010,4,Car,22.05,2,0.0,52.5,47,47,0.3344,1.34,26.11,0.2207,True
pitch,2.0,000010,5,Car,23.64,0,0.0,51.6,205,205,0.3305,0.51,26.1,0.2863,True
pitch,2.0,000010,6,Car,29.07,2,0.0,39.5,45,45,0.2106,0.62,25.88,0.1405,True
pitch,2.0,000010,7,Car,28.53,1,0.0,42.1,22,22,0.2378,0.99,25.94,0.1417,True
pitch,2.0,000010,8,Car,42.85,1,0.0,28.8,15,15,0.0607,0.63,25.64,0.0,True
pitch,2.0,000011,0,Pedestrian,12.42,1,0.0,114.9,141,141,0.4915,-2.05,26.3,0.5586,True
pitch,2.0,000011,1,Pedestrian,13.43,2,0.0,104.0,23,23,0.5738,1.59,26.17,0.3298,True
pitch,2.0,000011,2,Car,26.64,0,0.0,54.8,176,176,0.3484,0.31,26.26,0.309,True
pitch,2.0,000011,3,Pedestrian,34.08,0,0.0,38.3,40,40,0.1522,0.83,25.61,0.1538,True
pitch,2.0,000011,4,Car,4.13,0,0.98,156.9,2751,163,0.8298,-0.77,12.16,0.5106,True
pitch,2.0,000011,5,Pedestrian,15.95,0,0.0,71.3,74,74,0.378,-1.26,26.14,0.4193,True
pitch,2.0,000012,0,Car,58.84,0,0.0,19.2,13,13,0.0,0.46,25.41,0.0,True
pitch,2.0,000012,1,Van,65.02,0,0.0,29.3,39,39,0.0707,0.2,25.52,0.0224,True
pitch,2.0,000015,0,Car,4.1,0,0.89,178.3,5445,1234,0.8449,0.03,13.82,0.723,True
pitch,2.0,000015,1,Pedestrian,7.59,1,0.0,183.3,357,357,0.4422,-2.46,26.22,0.6719,True
pitch,2.0,000015,2,Pedestrian,24.14,0,0.0,52.6,51,51,0.2448,-5.22,25.42,0.2218,True
pitch,2.0,000015,3,Pedestrian,24.22,0,0.0,54.9,68,68,0.2872,-1.82,25.34,0.2288,True
pitch,2.0,000015,4,Pedestrian,23.3,0,0.0,56.3,63,63,0.2986,-2.48,25.51,0.2956,True
pitch,2.0,000016,0,Car,44.41,2,0.0,22.8,24,24,0.0,0.42,25.59,0.0,True
pitch,2.0,000016,1,Truck,26.41,2,0.0,161.6,1973,1973,0.6938,-0.5,29.06,0.4709,True
pitch,2.0,000016,2,Car,33.13,0,0.0,33.1,46,46,0.1208,0.57,25.92,0.0151,True
pitch,2.0,000016,3,Car,6.05,0,0.5,180.4,1993,1484,0.8586,-0.19,12.68,0.7237,True
pitch,2.0,000016,4,Car,46.74,0,0.0,23.4,10,10,0.0,0.14,25.49,0.0,True
pitch,2.0,000016,5,Tram,90.96,2,0.0,29.9,0,0,0.0666,0.43,26.12,0.0,False
pitch,2.0,000019,0,Truck,5.46,1,0.74,374.0,7484,4582,0.9959,0.88,0.0,0.648,True
pitch,2.0,000019,1,Car,9.72,0,0.0,136.9,1064,1064,0.6632,2.47,26.76,0.7033,True
pitch,2.0,000019,2,Van,35.34,0,0.0,43.3,98,98,0.2432,0.6,26.04,0.1705,True
pitch,2.0,000019,3,Car,59.59,0,0.0,20.2,19,19,0.0,0.25,25.32,0.0,True
pitch,2.0,000021,0,Cyclist,3.14,0,0.89,183.5,1206,127,0.8316,3.4,12.54,0.4146,True
pitch,2.0,000021,1,Car,13.3,0,0.0,91.7,778,778,0.5496,-0.43,26.78,0.5058,True
pitch,2.0,000021,2,Car,17.6,1,0.0,83.1,204,204,0.5051,0.39,27.19,0.3674,True
pitch,2.0,000021,3,Van,21.3,1,0.0,98.6,933,933,0.5757,1.28,25.92,0.4173,True
pitch,2.0,000021,4,Car,25.97,0,0.0,44.0,146,146,0.249,0.73,26.21,0.2535,True
pitch,2.0,000021,5,Car,26.83,1,0.0,50.6,107,107,0.3129,0.46,26.27,0.2212,True
pitch,2.0,000021,6,Car,32.13,2,0.0,43.2,45,45,0.2432,0.61,26.08,0.2228,True
pitch,2.0,000021,7,Car,31.78,2,0.0,40.5,26,26,0.2184,0.38,25.81,0.0623,True
pitch,2.0,000023,0,Truck,69.29,0,0.0,32.9,74,74,0.1095,0.84,26.12,0.0645,True
pitch,2.0,000023,1,Car,55.08,0,0.0,23.0,13,13,0.0,-0.03,25.34,0.0,True
pitch,2.0,000023,2,Cyclist,44.76,3,0.0,30.7,18,18,0.0898,0.45,25.48,0.0299,True
pitch,2.0,000025,0,Car,3.14,3,0.94,155.8,1286,99,0.8266,1.84,12.82,0.3932,True
pitch,2.0,000025,1,Car,10.42,0,0.0,125.4,1088,1088,0.6445,-0.56,26.96,0.6232,True
pitch,2.0,000025,2,Car,30.18,0,0.0,43.9,54,54,0.2551,0.33,26.01,0.1733,True
pitch,2.0,000025,3,Car,17.48,0,0.0,71.0,311,311,0.4531,1.22,26.29,0.3753,True
pitch,2.0,000025,4,Cyclist,44.63,3,0.0,29.8,17,17,0.0733,0.5,25.51,0.0503,True
pitch,2.0,000025,5,Car,22.3,1,0.0,49.2,27,27,0.3112,0.88,25.85,0.0943,True
pitch,2.0,000031,0,Car,12.2,0,0.0,116.8,984,984,0.6335,-0.01,26.44,0.6404,True
pitch,2.0,000031,1,Car,8.46,0,0.0,161.1,932,932,0.7018,2.77,26.93,0.73,True
pitch,2.0,000031,2,Car,13.14,1,0.0,98.0,501,501,0.5703,1.78,26.13,0.4897,True
pitch,2.0,000031,3,Truck,22.27,2,0.0,96.7,323,323,0.5652,0.24,26.6,0.4656,True
pitch,2.0,000031,4,Car,26.41,0,0.0,43.3,141,141,0.2537,0.57,25.81,0.2124,True
pitch,2.0,000031,5,Van,51.9,0,0.0,28.9,31,31,0.0569,0.47,25.62,0.0236,True
pitch,2.0,000032,0,Car,9.0,0,0.0,155.4,1409,1409,0.6952,-1.56,27.19,0.6927,True
pitch,2.0,000032,1,Car,8.6,0,0.0,153.1,1273,1273,0.6879,2.61,27.22,0.6933,True
pitch,2.0,000032,2,Van,14.34,1,0.0,123.1,790,790,0.6326,-0.06,27.22,0.6029,True
pitch,2.0,000032,3,Car,13.47,1,0.0,93.4,401,401,0.5595,1.78,25.91,0.4914,True
pitch,2.0,000032,4,Car,19.85,2,0.0,57.4,68,68,0.3694,0.71,26.37,0.2684,True
pitch,2.0,000032,5,Van,22.71,2,0.0,89.4,584,584,0.5384,-0.24,26.41,0.4081,True
pitch,2.0,000032,6,Car,25.25,2,0.0,55.2,75,75,0.3491,0.95,26.36,0.3782,True
pitch,2.0,000032,7,Van,44.71,0,0.0,33.9,62,62,0.134,0.49,25.71,0.0602,True
pitch,2.0,000032,8,Van,39.04,2,0.0,51.9,154,154,0.3296,0.87,25.69,0.285,True
pitch,2.0,000032,9,Car,44.75,0,0.0,25.4,38,38,0.0,0.29,25.76,0.0,True
pitch,2.0,000043,0,Pedestrian,12.56,0,0.0,91.7,148,148,0.4306,-0.1,26.13,0.539,True
pitch,2.0,000043,1,Pedestrian,12.34,0,0.0,98.0,170,170,0.5309,-1.75,26.3,0.5557,True
pitch,2.0,000043,2,Pedestrian,20.51,0,0.0,68.2,84,84,0.3846,-1.07,25.76,0.3587,True
pitch,2.0,000043,3,Pedestrian,20.3,0,0.0,69.7,88,88,0.3637,-2.06,25.68,0.4611,True
pitch,2.0,000048,0,Pedestrian,16.82,0,0.0,76.1,109,109,0.4023,-4.35,25.47,0.421,True
pitch,2.0,000048,1,Pedestrian,17.03,0,0.0,78.8,127,127,0.3969,-1.56,25.69,0.3558,True
pitch,2.0,000048,2,Pedestrian,16.26,0,0.0,81.5,113,113,0.348,-7.84,25.65,0.3452,True
pitch,2.0,000048,3,Cyclist,30.42,0,0.0,44.1,39,39,0.2621,0.6,25.25,0.1272,True
pitch,2.0,000049,0,Car,21.55,0,0.0,50.2,200,200,0.3138,0.75,26.0,0.2901,True
pitch,2.0,000049,1,Car,13.75,0,0.0,84.1,864,864,0.517,-0.36,27.01,0.5047,True
pitch,2.0,000049,2,Car,21.82,2,0.0,52.6,140,140,0.3369,0.27,26.21,0.2353,True
pitch,2.0,000049,3,Car,24.83,2,0.0,44.7,73,73,0.2617,0.24,26.24,0.1974,True
pitch,2.0,000049,4,Car,32.49,2,0.0,32.3,18,18,0.1074,0.33,26.08,0.0,True
pitch,2.0,000049,5,Van,45.7,3,0.0,36.7,79,79,0.1714,0.4,25.93,0.1259,True
pitch,2.0,000049,6,Pedestrian,4.71,3,0.29,185.9,807,650,0.6279,-1.02,13.45,0.6642,True
pitch,2.0,000049,7,Car,9.53,1,0.0,138.5,548,548,0.6647,2.95,26.95,0.675,True
pitch,2.0,000049,8,Car,14.89,1,0.0,78.2,423,423,0.4982,1.32,25.95,0.4555,True
pitch,2.0,000049,9,Car,20.2,2,0.0,68.8,181,181,0.4351,1.1,26.53,0.4092,True
pitch,2.0,000049,10,Pedestrian,32.55,0,0.0,36.5,42,42,0.1406,-2.49,25.58,0.1496,True
pitch,2.0,000049,11,Car,31.83,2,0.0,40.7,74,74,0.2188,0.84,25.75,0.1555,True
pitch,2.0,000049,12,Car,12.04,3,0.07,102.0,435,435,0.5864,-0.05,26.94,0.5406,True
pitch,2.0,000049,13,Car,17.23,1,0.0,66.9,308,308,0.4365,-0.33,26.35,0.3526,True
pitch,2.0,000049,14,Car,35.67,2,0.0,32.7,2,2,0.1147,0.28,25.82,0.0,False
pitch,2.0,000049,15,Car,21.69,2,0.0,53.2,8,8,0.339,-0.26,26.18,0.0676,True
pitch,2.0,000049,16,Van,32.04,3,0.0,60.2,261,261,0.3929,1.19,25.74,0.464,True
pitch,2.0,000049,17,Car,17.43,3,0.38,70.2,56,49,0.4475,-0.12,26.82,0.4261,True
pitch,2.0,000061,0,Van,15.23,3,0.05,144.3,969,967,0.6757,0.84,27.48,0.5906,True
pitch,2.0,000061,1,Car,10.93,3,0.79,115.8,438,97,0.5656,-0.5,33.66,0.5108,True
pitch,2.0,000061,2,Car,33.21,2,0.0,36.4,3,3,0.1736,-1.58,25.67,0.0,False
pitch,2.0,000061,3,Car,16.63,1,0.14,79.5,131,131,0.4958,-0.84,26.95,0.3571,True
pitch,2.0,000061,4,Misc,34.42,3,0.0,23.9,70,70,0.0,0.62,25.55,0.0,True
pitch,2.0,000061,5,Van,40.44,3,0.0,46.2,14,14,0.2839,0.36,25.36,0.0,False
pitch,3.0,000001,0,Truck,69.44,0,0.0,32.8,70,70,0.0,0.68,38.76,0.0,True
pitch,3.0,000001,1,Car,58.49,0,0.0,21.6,9,9,0.0,-0.06,38.12,0.0,True
pitch,3.0,000001,2,Cyclist,45.84,3,0.0,30.0,18,18,0.0,0.64,38.27,0.0,True
pitch,3.0,000004,0,Car,38.26,0,0.0,30.5,67,67,0.0,-0.49,38.22,0.0,True
pitch,3.0,000004,1,Car,51.17,0,0.0,20.7,26,26,0.0,-0.21,38.15,0.0,True
pitch,3.0,000007,0,Car,25.01,0,0.0,50.2,170,170,0.1271,0.85,38.72,0.1012,True
pitch,3.0,000007,1,Car,47.55,0,0.0,22.3,18,18,0.0,0.14,38.05,0.0,True
pitch,3.0,000007,2,Car,60.52,0,0.0,18.2,5,5,0.0,0.34,38.2,0.0,False
pitch,3.0,000007,3,Cyclist,34.09,0,0.0,37.5,24,24,0.0,-0.32,38.36,0.0,True
pitch,3.0,000008,0,Car,3.68,3,0.88,181.6,5610,818,0.7866,0.04,19.37,0.6665,True
pitch,3.0,000008,1,Car,7.86,1,0.0,193.1,1570,1532,0.7842,-1.15,20.29,0.6975,True
pitch,3.0,000008,2,Car,6.15,3,0.34,176.6,995,514,0.778,1.6,18.87,0.6323,True
pitch,3.0,000008,3,Car,14.44,1,0.0,85.0,620,620,0.3631,1.17,39.82,0.3437,True
pitch,3.0,000008,4,Car,33.2,0,0.0,39.6,41,41,0.0117,1.12,38.75,0.0,True
pitch,3.0,000008,5,Car,19.96,0,0.0,61.9,164,164,0.224,2.17,38.98,0.1759,True
pitch,3.0,000009,0,Car,23.88,0,0.0,52.5,185,185,0.1527,0.69,38.74,0.1083,True
pitch,3.0,000009,1,Car,66.37,2,0.0,16.2,4,4,0.0,0.53,38.08,0.0,False
pitch,3.0,000009,2,Car,68.25,0,0.0,15.4,1,1,0.0,0.41,38.02,0.0,False
pitch,3.0,000010,0,Car,5.2,0,0.8,191.5,1511,88,0.7898,1.71,18.98,0.6394,True
pitch,3.0,000010,1,Car,11.8,0,0.0,109.0,998,998,0.4665,-0.55,40.0,0.432,True
pitch,3.0,000010,2,Pedestrian,23.51,2,0.0,61.6,23,23,0.1767,-0.99,38.61,0.1755,True
pitch,3.0,000010,3,Car,16.5,0,0.0,73.4,327,327,0.301,2.05,39.4,0.2466,True
pitch,3.0,000010,4,Car,22.05,2,0.0,52.5,47,47,0.1516,1.88,38.98,0.0746,True
pitch,3.0,000010,5,Car,23.64,0,0.0,51.6,205,205,0.1449,0.62,38.96,0.1096,True
pitch,3.0,000010,6,Car,29.07,2,0.0,39.5,45,45,0.0165,0.78,38.68,0.0082,True
pitch,3.0,000010,7,Car,28.53,1,0.0,42.1,22,22,0.047,1.45,38.76,0.0046,True
pitch,3.0,000010,8,Car,42.85,1,0.0,28.8,15,15,0.0,0.86,38.37,0.0,True
pitch,3.0,000011,0,Pedestrian,12.42,1,0.0,114.9,141,141,0.3873,-1.36,39.36,0.4311,True
pitch,3.0,000011,1,Pedestrian,13.43,2,0.0,104.0,23,23,0.4298,2.26,39.2,0.2421,True
pitch,3.0,000011,2,Car,26.64,0,0.0,54.8,176,176,0.1659,0.23,39.09,0.131,True
pitch,3.0,000011,3,Pedestrian,34.08,0,0.0,38.3,40,40,0.0,1.03,38.37,0.0,True
pitch,3.0,000011,4,Car,4.13,0,0.98,156.9,2751,134,0.7389,-1.2,18.81,0.3996,True
pitch,3.0,000011,5,Pedestrian,15.95,0,0.0,71.3,74,74,0.2404,-1.88,39.15,0.2615,True
pitch,3.0,000012,0,Car,58.84,0,0.0,19.2,13,13,0.0,0.69,38.13,0.0,True
pitch,3.0,000012,1,Van,65.02,0,0.0,29.3,39,39,0.0,0.15,38.23,0.0,True
pitch,3.0,000015,0,Car,4.1,0,0.89,178.3,5445,1034,0.7715,-0.03,20.37,0.6567,True
pitch,3.0,000015,1,Pedestrian,7.59,1,0.0,183.3,357,357,0.3845,-1.21,39.64,0.571,True
pitch,3.0,000015,2,Pedestrian,24.14,0,0.0,52.6,51,51,0.1189,-4.99,38.18,0.0883,True
pitch,3.0,000015,3,Pedestrian,24.22,0,0.0,54.9,68,68,0.1453,-1.55,38.1,0.0901,True
pitch,3.0,000015,4,Pedestrian,23.3,0,0.0,56.3,63,63,0.1555,-2.42,38.26,0.1332,True
pitch,3.0,000016,0,Car,44.41,2,0.0,22.8,24,24,0.0,0.63,38.31,0.0,True
pitch,3.0,000016,1,Truck,26.41,2,0.0,161.6,1973,1973,0.585,-1.0,42.03,0.371,True
pitch,3.0,000016,2,Car,33.13,0,0.0,33.1,46,46,0.0,0.83,38.69,0.0,True
pitch,3.0,000016,3,Car,6.05,0,0.5,180.4,1993,1312,0.7858,-0.28,19.23,0.6523,True
pitch,3.0,000016,4,Car,46.74,0,0.0,23.4,10,10,0.0,0.14,38.23,0.0,True
pitch,3.0,000016,5,Tram,90.96,2,0.0,29.9,0,0,0.0,0.58,38.79,0.0,False
pitch,3.0,000019,0,Truck,5.46,1,0.74,374.0,7484,4403,0.9952,1.03,0.0,0.6122,True
pitch,3.0,000019,1,Car,9.72,0,0.0,136.9,1064,1064,0.5379,3.49,40.18,0.5709,True
pitch,3.0,000019,2,Van,35.34,0,0.0,43.3,98,98,0.0526,0.81,38.81,0.0,True
pitch,3.0,000019,3,Car,59.59,0,0.0,20.2,19,19,0.0,0.32,38.05,0.0,True
pitch,3.0,000021,0,Cyclist,3.14,0,0.89,183.5,1206,115,0.7569,3.84,19.29,0.3464,True
pitch,3.0,000021,1,Car,13.3,0,0.0,91.7,778,778,0.3977,-0.74,39.87,0.3625,True
pitch,3.0,000021,2,Car,17.6,1,0.0,83.1,204,204,0.3488,0.29,40.16,0.2574,True
pitch,3.0,000021,3,Van,21.3,1,0.0,98.6,933,933,0.4274,1.85,38.75,0.2842,True
pitch,3.0,000021,4,Car,25.97,0,0.0,44.0,146,146,0.0586,1.09,39.03,0.0595,True
pitch,3.0,000021,5,Car,26.83,1,0.0,50.6,107,107,0.1273,0.52,39.08,0.072,True
pitch,3.0,000021,6,Car,32.13,2,0.0,43.2,45,45,0.0521,0.91,38.85,0.035,True
pitch,3.0,000021,7,Car,31.78,2,0.0,40.5,26,26,0.0238,0.48,38.58,0.0,True
pitch,3.0,000023,0,Truck,69.29,0,0.0,32.9,74,74,0.0,0.98,38.8,0.0,True
pitch,3.0,000023,1,Car,55.08,0,0.0,23.0,13,13,0.0,-0.17,38.07,0.0,True
pitch,3.0,000023,2,Cyclist,44.76,3,0.0,30.7,18,18,0.0,0.66,38.2,0.0,True
pitch,3.0,000025,0,Car,3.14,3,0.94,155.8,1286,79,0.7392,2.24,19.56,0.3141,True
pitch,3.0,000025,1,Car,10.42,0,0.0,125.4,1088,1088,0.5143,-1.0,40.28,0.4905,True
pitch,3.0,000025,2,Car,30.18,0,0.0,43.9,54,54,0.063,0.43,38.8,0.0,True
pitch,3.0,000025,3,Car,17.48,0,0.0,71.0,311,311,0.2853,1.69,39.26,0.2211,True
pitch,3.0,000025,4,Cyclist,44.63,3,0.0,29.8,17,17,0.0,0.69,38.25,0.0,True
pitch,3.0,000025,5,Car,22.3,1,0.0,49.2,27,27,0.1237,1.29,38.74,0.0363,True
pitch,3.0,000031,0,Car,12.2,0,0.0,116.8,984,984,0.4958,-0.47,39.65,0.4974,True
pitch,3.0,000031,1,Car,8.46,0,0.0,161.1,932,932,0.6139,4.11,35.88,0.6142,True
pitch,3.0,000031,2,Car,13.14,1,0.0,98.0,501,501,0.4223,2.39,39.25,0.3576,True
pitch,3.0,000031,3,Truck,22.27,2,0.0,96.7,323,323,0.4182,0.2,39.46,0.3247,True
pitch,3.0,000031,4,Car,26.41,0,0.0,43.3,141,141,0.0611,0.83,38.63,0.0211,True
pitch,3.0,000031,5,Van,51.9,0,0.0,28.9,31,31,0.0,0.64,38.34,0.0,True
pitch,3.0,000032,0,Car,9.0,0,0.0,155.4,1409,1409,0.623,-2.64,33.67,0.58,True
pitch,3.0,000032,1,Car,8.6,0,0.0,153.1,1273,1273,0.5824,3.89,38.54,0.5748,True
pitch,3.0,000032,2,Van,14.34,1,0.0,123.1,790,790,0.5012,-0.4,40.32,0.4782,True
pitch,3.0,000032,3,Car,13.47,1,0.0,93.4,401,401,0.4078,2.41,39.02,0.3601,True
pitch,3.0,000032,4,Car,19.85,2,0.0,57.4,68,68,0.1896,1.1,39.27,0.1145,True
pitch,3.0,000032,5,Van,22.71,2,0.0,89.4,584,584,0.3838,-0.63,39.26,0.2924,True
pitch,3.0,000032,6,Car,25.25,2,0.0,55.2,75,75,0.1682,1.3,39.19,0.1633,True
pitch,3.0,000032,7,Van,44.71,0,0.0,33.9,62,62,0.0,0.64,38.43,0.0,True
pitch,3.0,000032,8,Van,39.04,2,0.0,51.9,154,154,0.1422,1.26,38.42,0.1069,True
pitch,3.0,000032,9,Car,44.75,0,0.0,25.4,38,38,0.0,0.31,38.48,0.0,True
pitch,3.0,000043,0,Pedestrian,12.56,0,0.0,91.7,148,148,0.3161,-0.23,39.21,0.3881,True
pitch,3.0,000043,1,Pedestrian,12.34,0,0.0,98.0,170,170,0.3936,-1.94,39.4,0.4132,True
pitch,3.0,000043,2,Pedestrian,20.51,0,0.0,68.2,84,84,0.2399,-0.79,38.63,0.2108,True
pitch,3.0,000043,3,Pedestrian,20.3,0,0.0,69.7,88,88,0.2319,-1.74,38.55,0.2789,True
pitch,3.0,000048,0,Pedestrian,16.82,0,0.0,76.1,109,109,0.272,-4.11,38.32,0.2662,True
pitch,3.0,000048,1,Pedestrian,17.03,0,0.0,78.8,127,127,0.2738,-1.29,38.54,0.2368,True
pitch,3.0,000048,2,Pedestrian,16.26,0,0.0,81.5,113,113,0.2471,-7.92,38.49,0.2341,True
pitch,3.0,000048,3,Cyclist,30.42,0,0.0,44.1,39,39,0.0726,0.75,37.94,0.0,True
pitch,3.0,000049,0,Car,21.55,0,0.0,50.2,200,200,0.1274,0.93,38.87,0.0978,True
pitch,3.0,000049,1,Car,13.75,0,0.0,84.1,864,864,0.3595,-0.69,40.07,0.3452,True
pitch,3.0,000049,2,Car,21.82,2,0.0,52.6,140,140,0.1517,0.16,39.07,0.1035,True
pitch,3.0,000049,3,Car,24.83,2,0.0,44.7,73,73,0.0703,0.19,39.06,0.0534,True
pitch,3.0,000049,4,Car,32.49,2,0.0,32.3,18,18,0.0,0.34,38.84,0.0,True
pitch,3.0,000049,5,Van,45.7,3,0.0,36.7,79,79,0.0,0.47,38.64,0.0,True
pitch,3.0,000049,6,Pedestrian,4.71,3,0.29,185.9,807,608,0.5791,1.6,20.12,0.6233,True
pitch,3.0,000049,7,Car,9.53,1,0.0,138.5,548,548,0.5393,4.41,40.42,0.5475,True
pitch,3.0,000049,8,Car,14.89,1,0.0,78.2,423,423,0.3336,1.98,39.0,0.3011,True
pitch,3.0,000049,9,Car,20.2,2,0.0,68.8,181,181,0.2652,1.54,39.44,0.2427,True
pitch,3.0,000049,10,Pedestrian,32.55,0,0.0,36.5,42,42,0.0,-2.23,38.35,0.0,True
pitch,3.0,000049,11,Car,31.83,2,0.0,40.7,74,74,0.0235,1.29,38.53,0.0076,True
pitch,3.0,000049,12,Car,12.04,3,0.07,102.0,435,435,0.4419,-0.14,40.08,0.4074,True
pitch,3.0,000049,13,Car,17.23,1,0.0,66.9,308,308,0.2627,-0.81,39.28,0.208,True
pitch,3.0,000049,14,Car,35.67,2,0.0,32.7,2,2,0.0,0.43,38.57,0.0,False
pitch,3.0,000049,15,Car,21.69,2,0.0,53.2,8,8,0.154,-0.56,39.04,0.0664,True
pitch,3.0,000049,16,Van,32.04,3,0.0,60.2,261,261,0.2127,1.81,38.52,0.2678,True
pitch,3.0,000049,17,Car,17.43,3,0.38,70.2,56,49,0.2782,-0.23,39.76,0.2499,True
pitch,3.0,000061,0,Van,15.23,3,0.05,144.3,969,965,0.5588,0.88,40.52,0.4748,True
pitch,3.0,000061,1,Car,10.93,3,0.79,115.8,438,91,0.4697,-0.91,41.64,0.3761,True
pitch,3.0,000061,2,Car,33.21,2,0.0,36.4,3,3,0.0,-2.64,38.58,0.0,False
pitch,3.0,000061,3,Car,16.63,1,0.14,79.5,131,131,0.335,-1.24,40.12,0.2326,True
pitch,3.0,000061,4,Misc,34.42,3,0.0,23.9,70,70,0.0,0.94,38.26,0.0,True
pitch,3.0,000061,5,Van,40.44,3,0.0,46.2,14,14,0.091,0.58,38.05,0.0,False
tx,2.0,000001,0,Truck,69.44,0,0.0,32.8,70,70,0.9433,0.04,0.77,0.7958,True
tx,2.0,000001,1,Car,58.49,0,0.0,21.6,9,9,0.9808,-0.14,0.05,0.0536,True
tx,2.0,000001,2,Cyclist,45.84,3,0.0,30.0,18,18,0.9517,-0.23,0.19,0.5901,True
tx,2.0,000004,0,Car,38.26,0,0.0,30.5,67,67,0.9762,-0.26,0.0,0.5096,True
tx,2.0,000004,1,Car,51.17,0,0.0,20.7,26,26,0.976,-0.23,0.05,0.4025,True
tx,2.0,000007,0,Car,25.01,0,0.0,50.2,170,170,0.9749,-0.07,0.33,0.7404,True
tx,2.0,000007,1,Car,47.55,0,0.0,22.3,18,18,0.9692,-0.24,-0.05,0.1632,True
tx,2.0,000007,2,Car,60.52,0,0.0,18.2,5,5,0.9676,-0.16,0.17,0.0,False
tx,2.0,000007,3,Cyclist,34.09,0,0.0,37.5,24,24,0.9647,-0.36,0.14,0.4464,True
tx,2.0,000008,0,Car,3.68,3,0.88,181.6,5610,1412,0.9884,-1.24,-0.5,0.8886,True
tx,2.0,000008,1,Car,7.86,1,0.0,193.1,1570,1570,0.9792,-1.42,0.86,0.7467,True
tx,2.0,000008,2,Car,6.15,3,0.34,176.6,995,874,0.9905,-0.16,-0.75,0.8632,True
tx,2.0,000008,3,Car,14.44,1,0.0,85.0,620,620,0.9714,-0.58,0.84,0.7682,True
tx,2.0,000008,4,Car,33.2,0,0.0,39.6,41,41,0.9668,-0.17,0.51,0.683,True
tx,2.0,000008,5,Car,19.96,0,0.0,61.9,164,164,0.9697,-0.45,0.36,0.7305,True
tx,2.0,000009,0,Car,23.88,0,0.0,52.5,185,185,0.9703,-0.43,0.29,0.7771,True
tx,2.0,000009,1,Car,66.37,2,0.0,16.2,4,4,0.9822,-0.1,0.07,0.0,False
tx,2.0,000009,2,Car,68.25,0,0.0,15.4,1,1,0.9723,-0.15,0.0,0.0,False
tx,2.0,000010,0,Car,5.2,0,0.8,191.5,1511,269,0.992,-0.12,-0.68,0.8645,True
tx,2.0,000010,1,Car,11.8,0,0.0,109.0,998,998,0.9693,-0.81,0.53,0.7383,True
tx,2.0,000010,2,Pedestrian,23.51,2,0.0,61.6,23,23,0.6925,-2.84,0.2,0.2078,True
tx,2.0,000010,3,Car,16.5,0,0.0,73.4,327,327,0.9649,-0.7,0.58,0.7444,True
tx,2.0,000010,4,Car,22.05,2,0.0,52.5,47,47,0.9645,-0.2,0.47,0.5459,True
tx,2.0,000010,5,Car,23.64,0,0.0,51.6,205,205,0.9729,-0.32,0.49,0.7227,True
tx,2.0,000010,6,Car,29.07,2,0.0,39.5,45,45,0.9708,-0.19,0.36,0.4634,True
tx,2.0,000010,7,Car,28.53,1,0.0,42.1,22,22,0.9701,-0.24,0.42,0.4373,True
tx,2.0,000010,8,Car,42.85,1,0.0,28.8,15,15,0.9734,-0.1,0.24,0.4552,True
tx,2.0,000011,0,Pedestrian,12.42,1,0.0,114.9,141,141,0.7619,-4.28,0.29,0.7613,True
tx,2.0,000011,1,Pedestrian,13.43,2,0.0,104.0,23,23,0.9704,-0.55,0.22,0.4555,True
tx,2.0,000011,2,Car,26.64,0,0.0,54.8,176,176,0.9633,-0.21,0.7,0.7425,True
tx,2.0,000011,3,Pedestrian,34.08,0,0.0,38.3,40,40,0.664,0.06,0.17,0.7456,True
tx,2.0,000011,4,Car,4.13,0,0.98,156.9,2751,204,0.9557,-1.37,-1.06,0.672,True
tx,2.0,000011,5,Pedestrian,15.95,0,0.0,71.3,74,74,0.787,-1.27,0.26,0.6828,True
tx,2.0,000012,0,Car,58.84,0,0.0,19.2,13,13,0.968,-0.18,0.04,0.2327,True
tx,2.0,000012,1,Van,65.02,0,0.0,29.3,39,39,0.9731,-0.06,0.17,0.4849,True
tx,2.0,000015,0,Car,4.1,0,0.89,178.3,5445,1646,0.9858,-1.15,0.78,0.8845,True
tx,2.0,000015,1,Pedestrian,7.59,1,0.0,183.3,357,357,0.5729,-6.4,-0.45,0.703,True
tx,2.0,000015,2,Pedestrian,24.14,0,0.0,52.6,51,51,0.5537,-6.23,-0.02,0.4137,True
tx,2.0,000015,3,Pedestrian,24.22,0,0.0,54.9,68,68,0.7127,-2.85,-0.11,0.4414,True
tx,2.0,000015,4,Pedestrian,23.3,0,0.0,56.3,63,63,0.7284,-3.27,0.08,0.6254,True
tx,2.0,000016,0,Car,44.41,2,0.0,22.8,24,24,0.966,-0.27,0.21,0.2627,True
tx,2.0,000016,1,Truck,26.41,2,0.0,161.6,1973,1973,0.9582,-0.38,3.18,0.5337,True
tx,2.0,000016,2,Car,33.13,0,0.0,33.1,46,46,0.9608,-0.3,0.46,0.4847,True
tx,2.0,000016,3,Car,6.05,0,0.5,180.4,1993,1723,0.9905,-1.08,-0.36,0.8611,True
tx,2.0,000016,4,Car,46.74,0,0.0,23.4,10,10,0.9716,-0.27,0.1,0.1523,True
tx,2.0,000016,5,Tram,90.96,2,0.0,29.9,0,0,0.9451,-0.01,0.84,0.0,False
tx,2.0,000019,0,Truck,5.46,1,0.74,374.0,7484,4821,0.9982,-0.38,0.0,0.7171,True
tx,2.0,000019,1,Car,9.72,0,0.0,136.9,1064,1064,0.9734,-0.86,0.16,0.7338,True
tx,2.0,000019,2,Van,35.34,0,0.0,43.3,98,98,0.9566,-0.19,0.57,0.6963,True
tx,2.0,000019,3,Car,59.59,0,0.0,20.2,19,19,0.968,-0.18,-0.04,0.4304,True
tx,2.0,000021,0,Cyclist,3.14,0,0.89,183.5,1206,207,0.9798,0.98,-0.9,0.5646,True
tx,2.0,000021,1,Car,13.3,0,0.0,91.7,778,778,0.9643,-1.07,0.75,0.7588,True
tx,2.0,000021,2,Car,17.6,1,0.0,83.1,204,204,0.957,-0.34,1.37,0.5357,True
tx,2.0,000021,3,Van,21.3,1,0.0,98.6,933,933,0.9738,-0.18,0.28,0.6909,True
tx,2.0,000021,4,Car,25.97,0,0.0,44.0,146,146,0.959,-0.4,0.66,0.707,True
tx,2.0,000021,5,Car,26.83,1,0.0,50.6,107,107,0.9582,-0.24,0.73,0.5315,True
tx,2.0,000021,6,Car,32.13,2,0.0,43.2,45,45,0.959,-0.31,0.62,0.7412,True
tx,2.0,000021,7,Car,31.78,2,0.0,40.5,26,26,0.9702,-0.28,0.35,0.2243,True
tx,2.0,000023,0,Truck,69.29,0,0.0,32.9,74,74,0.9314,0.34,0.8,0.7587,True
tx,2.0,000023,1,Car,55.08,0,0.0,23.0,13,13,0.9785,-0.21,-0.02,0.0741,True
tx,2.0,000023,2,Cyclist,44.76,3,0.0,30.7,18,18,0.9589,-0.22,0.11,0.399,True
tx,2.0,000025,0,Car,3.14,3,0.94,155.8,1286,143,0.9908,-0.33,-0.58,0.6433,True
tx,2.0,000025,1,Car,10.42,0,0.0,125.4,1088,1088,0.9638,-1.25,0.52,0.7618,True
tx,2.0,000025,2,Car,30.18,0,0.0,43.9,54,54,0.9645,-0.36,0.51,0.5912,True
tx,2.0,000025,3,Car,17.48,0,0.0,71.0,311,311,0.9734,-0.4,0.5,0.7333,True
tx,2.0,000025,4,Cyclist,44.63,3,0.0,29.8,17,17,0.9531,-0.17,0.12,0.4684,True
tx,2.0,000025,5,Car,22.3,1,0.0,49.2,27,27,0.9643,-0.46,0.19,0.193,True
tx,2.0,000031,0,Car,12.2,0,0.0,116.8,984,984,0.9788,-0.49,0.21,0.7597,True
tx,2.0,000031,1,Car,8.46,0,0.0,161.1,932,932,0.9838,-1.36,0.07,0.7908,True
tx,2.0,000031,2,Car,13.14,1,0.0,98.0,501,501,0.9811,-0.4,0.06,0.6422,True
tx,2.0,000031,3,Truck,22.27,2,0.0,96.7,323,323,0.9716,-0.43,0.94,0.748,True
tx,2.0,000031,4,Car,26.41,0,0.0,43.3,141,141,0.9714,-0.44,0.26,0.7389,True
tx,2.0,000031,5,Van,51.9,0,0.0,28.9,31,31,0.9687,-0.12,0.26,0.5932,True
tx,2.0,000032,0,Car,9.0,0,0.0,155.4,1409,1409,0.9705,-1.39,0.79,0.7439,True
tx,2.0,000032,1,Car,8.6,0,0.0,153.1,1273,1273,0.9785,-1.38,0.4,0.8094,True
tx,2.0,000032,2,Van,14.34,1,0.0,123.1,790,790,0.9735,-0.6,1.16,0.7356,True
tx,2.0,000032,3,Car,13.47,1,0.0,93.4,401,401,0.9779,-0.41,-0.13,0.6258,True
tx,2.0,000032,4,Car,19.85,2,0.0,57.4,68,68,0.9556,-0.74,0.69,0.6037,True
tx,2.0,000032,5,Van,22.71,2,0.0,89.4,584,584,0.9762,-0.43,0.79,0.4769,True
tx,2.0,000032,6,Car,25.25,2,0.0,55.2,75,75,0.9643,-0.19,0.78,0.386,True
tx,2.0,000032,7,Van,44.71,0,0.0,33.9,62,62,0.9646,-0.14,0.33,0.6709,True
tx,2.0,000032,8,Van,39.04,2,0.0,51.9,154,154,0.9689,-0.06,0.28,0.4525,True
tx,2.0,000032,9,Car,44.75,0,0.0,25.4,38,38,0.9619,-0.17,0.38,0.4497,True
tx,2.0,000043,0,Pedestrian,12.56,0,0.0,91.7,148,148,0.7361,-1.11,0.13,0.7977,True
tx,2.0,000043,1,Pedestrian,12.34,0,0.0,98.0,170,170,0.8422,-2.73,0.26,0.7512,True
tx,2.0,000043,2,Pedestrian,20.51,0,0.0,68.2,84,84,0.8119,-2.23,0.11,0.6685,True
tx,2.0,000043,3,Pedestrian,20.3,0,0.0,69.7,88,88,0.7397,-3.29,0.03,0.8551,True
tx,2.0,000048,0,Pedestrian,16.82,0,0.0,76.1,109,109,0.7031,-5.64,-0.14,0.6829,True
tx,2.0,000048,1,Pedestrian,17.03,0,0.0,78.8,127,127,0.7352,-2.87,0.09,0.5531,True
tx,2.0,000048,2,Pedestrian,16.26,0,0.0,81.5,113,113,0.6106,-8.72,0.06,0.5002,True
tx,2.0,000048,3,Cyclist,30.42,0,0.0,44.1,39,39,0.957,-0.16,-0.08,0.4663,True
tx,2.0,000049,0,Car,21.55,0,0.0,50.2,200,200,0.9754,-0.3,0.38,0.7562,True
tx,2.0,000049,1,Car,13.75,0,0.0,84.1,864,864,0.9662,-0.93,1.05,0.8138,True
tx,2.0,000049,2,Car,21.82,2,0.0,52.6,140,140,0.9721,-0.32,0.59,0.5143,True
tx,2.0,000049,3,Car,24.83,2,0.0,44.7,73,73,0.9631,-0.35,0.69,0.4731,True
tx,2.0,000049,4,Car,32.49,2,0.0,32.3,18,18,0.957,-0.23,0.62,0.0884,True
tx,2.0,000049,5,Van,45.7,3,0.0,36.7,79,79,0.9652,-0.11,0.57,0.725,True
tx,2.0,000049,6,Pedestrian,4.71,3,0.29,185.9,807,719,0.7297,-8.8,0.18,0.8039,True
tx,2.0,000049,7,Car,9.53,1,0.0,138.5,548,548,0.978,-1.17,0.27,0.7542,True
tx,2.0,000049,8,Car,14.89,1,0.0,78.2,423,423,0.9758,-0.78,0.01,0.6905,True
tx,2.0,000049,9,Car,20.2,2,0.0,68.8,181,181,0.9696,-0.35,0.81,0.7799,True
tx,2.0,000049,10,Pedestrian,32.55,0,0.0,36.5,42,42,0.7026,-3.35,0.12,0.6232,True
tx,2.0,000049,11,Car,31.83,2,0.0,40.7,74,74,0.973,-0.31,0.28,0.4851,True
tx,2.0,000049,12,Car,12.04,3,0.07,102.0,435,435,0.9773,-0.54,0.81,0.7143,True
tx,2.0,000049,13,Car,17.23,1,0.0,66.9,308,308,0.9752,-0.54,0.6,0.5963,True
tx,2.0,000049,14,Car,35.67,2,0.0,32.7,2,2,0.9534,-0.44,0.38,0.0,False
tx,2.0,000049,15,Car,21.69,2,0.0,53.2,8,8,0.9669,-0.57,0.57,0.0675,True
tx,2.0,000049,16,Van,32.04,3,0.0,60.2,261,261,0.9743,-0.18,0.26,0.4615,True
tx,2.0,000049,17,Car,17.43,3,0.38,70.2,56,49,0.9614,-0.52,1.06,0.4433,True
tx,2.0,000061,0,Van,15.23,3,0.05,144.3,969,969,0.974,0.58,1.47,0.7678,True
tx,2.0,000061,1,Car,10.93,3,0.79,115.8,438,103,0.8543,-0.52,6.98,0.6741,True
tx,2.0,000061,2,Car,33.21,2,0.0,36.4,3,3,0.9549,-0.43,0.0,0.0,False
tx,2.0,000061,3,Car,16.63,1,0.14,79.5,131,131,0.9513,-0.68,0.81,0.4841,True
tx,2.0,000061,4,Misc,34.42,3,0.0,23.9,70,70,0.952,-0.19,0.15,0.6497,True
tx,2.0,000061,5,Van,40.44,3,0.0,46.2,14,14,0.9675,-0.16,-0.03,0.0,False
tx,5.0,000001,0,Truck,69.44,0,0.0,32.8,70,70,0.9351,-0.3,0.77,0.7928,True
tx,5.0,000001,1,Car,58.49,0,0.0,21.6,9,9,0.9609,-0.51,0.05,0.0536,True
tx,5.0,000001,2,Cyclist,45.84,3,0.0,30.0,18,18,0.8807,-0.7,0.19,0.5898,True
tx,5.0,000004,0,Car,38.26,0,0.0,30.5,67,67,0.9593,-0.83,0.01,0.5101,True
tx,5.0,000004,1,Car,51.17,0,0.0,20.7,26,26,0.9561,-0.65,0.05,0.4028,True
tx,5.0,000007,0,Car,25.01,0,0.0,50.2,170,170,0.9494,-1.0,0.34,0.7403,True
tx,5.0,000007,1,Car,47.55,0,0.0,22.3,18,18,0.9411,-0.7,-0.05,0.1629,True
tx,5.0,000007,2,Car,60.52,0,0.0,18.2,5,5,0.938,-0.52,0.18,0.0,False
tx,5.0,000007,3,Cyclist,34.09,0,0.0,37.5,24,24,0.9164,-0.99,0.14,0.4468,True
tx,5.0,000008,0,Car,3.68,3,0.88,181.6,5610,1393,0.978,-3.4,-0.48,0.8785,True
tx,5.0,000008,1,Car,7.86,1,0.0,193.1,1570,1570,0.9603,-4.27,0.87,0.7495,True
tx,5.0,000008,2,Car,6.15,3,0.34,176.6,995,880,0.9817,-1.55,-0.74,0.8697,True
tx,5.0,000008,3,Car,14.44,1,0.0,85.0,620,620,0.9477,-2.1,0.86,0.7701,True
tx,5.0,000008,4,Car,33.2,0,0.0,39.6,41,41,0.9435,-0.82,0.52,0.6831,True
tx,5.0,000008,5,Car,19.96,0,0.0,61.9,164,164,0.9454,-1.54,0.37,0.7298,True
tx,5.0,000009,0,Car,23.88,0,0.0,52.5,185,185,0.9434,-1.34,0.3,0.7782,True
tx,5.0,000009,1,Car,66.37,2,0.0,16.2,4,4,0.9565,-0.42,0.07,0.0,False
tx,5.0,000009,2,Car,68.25,0,0.0,15.4,1,1,0.9465,-0.46,0.0,0.0,False
tx,5.0,000010,0,Car,5.2,0,0.8,191.5,1511,277,0.9788,-1.67,-0.66,0.8766,True
tx,5.0,000010,1,Car,11.8,0,0.0,109.0,998,998,0.951,-2.69,0.55,0.7404,True
tx,5.0,000010,2,Pedestrian,23.51,2,0.0,61.6,23,23,0.6934,-3.76,0.21,0.2077,True
tx,5.0,000010,3,Car,16.5,0,0.0,73.4,327,327,0.9449,-2.03,0.59,0.7424,True
tx,5.0,000010,4,Car,22.05,2,0.0,52.5,47,47,0.9479,-1.19,0.48,0.5447,True
tx,5.0,000010,5,Car,23.64,0,0.0,51.6,205,205,0.9498,-1.24,0.5,0.724,True
tx,5.0,000010,6,Car,29.07,2,0.0,39.5,45,45,0.9482,-0.94,0.37,0.4636,True
tx,5.0,000010,7,Car,28.53,1,0.0,42.1,22,22,0.9441,-1.01,0.42,0.4362,True
tx,5.0,000010,8,Car,42.85,1,0.0,28.8,15,15,0.9563,-0.61,0.24,0.4555,True
tx,5.0,000011,0,Pedestrian,12.42,1,0.0,114.9,141,141,0.7622,-6.03,0.31,0.7318,True
tx,5.0,000011,1,Pedestrian,13.43,2,0.0,104.0,23,23,0.925,-2.17,0.24,0.4552,True
tx,5.0,000011,2,Car,26.64,0,0.0,54.8,176,176,0.9422,-1.03,0.71,0.7438,True
tx,5.0,000011,3,Pedestrian,34.08,0,0.0,38.3,40,40,0.6639,-0.57,0.18,0.691,True
tx,5.0,000011,4,Car,4.13,0,0.98,156.9,2751,191,0.9149,-3.17,-1.04,0.6056,True
tx,5.0,000011,5,Pedestrian,15.95,0,0.0,71.3,74,74,0.7859,-2.62,0.28,0.6827,True
tx,5.0,000012,0,Car,58.84,0,0.0,19.2,13,13,0.943,-0.54,0.04,0.2326,True
tx,5.0,000012,1,Van,65.02,0,0.0,29.3,39,39,0.9652,-0.4,0.17,0.4852,True
tx,5.0,000015,0,Car,4.1,0,0.89,178.3,5445,1642,0.9771,-2.93,0.79,0.8741,True
tx,5.0,000015,1,Pedestrian,7.59,1,0.0,183.3,357,357,0.5736,-9.25,-0.41,0.6598,True
tx,5.0,000015,2,Pedestrian,24.14,0,0.0,52.6,51,51,0.5048,-7.14,-0.01,0.3709,True
tx,5.0,000015,3,Pedestrian,24.22,0,0.0,54.9,68,68,0.7139,-3.74,-0.1,0.4027,True
tx,5.0,000015,4,Pedestrian,23.3,0,0.0,56.3,63,63,0.7273,-4.19,0.09,0.5858,True
tx,5.0,000016,0,Car,44.41,2,0.0,22.8,24,24,0.9378,-0.76,0.21,0.2627,True
tx,5.0,000016,1,Truck,26.41,2,0.0,161.6,1973,1973,0.9544,-1.28,3.19,0.5345,True
tx,5.0,000016,2,Car,33.13,0,0.0,33.1,46,46,0.9356,-0.95,0.47,0.4848,True
tx,5.0,000016,3,Car,6.05,0,0.5,180.4,1993,1699,0.9831,-2.54,-0.35,0.8543,True
tx,5.0,000016,4,Car,46.74,0,0.0,23.4,10,10,0.9447,-0.74,0.1,0.1524,True
tx,5.0,000016,5,Tram,90.96,2,0.0,29.9,0,0,0.938,-0.25,0.84,0.0,False
tx,5.0,000019,0,Truck,5.46,1,0.74,374.0,7484,4773,0.992,-1.71,0.0,0.7124,True
tx,5.0,000019,1,Car,9.72,0,0.0,136.9,1064,1064,0.9521,-3.17,0.18,0.7306,True
tx,5.0,000019,2,Van,35.34,0,0.0,43.3,98,98,0.9388,-0.8,0.58,0.6964,True
tx,5.0,000019,3,Car,59.59,0,0.0,20.2,19,19,0.9423,-0.54,-0.03,0.4304,True
tx,5.0,000021,0,Cyclist,3.14,0,0.89,183.5,1206,231,0.973,-1.66,-0.88,0.5936,True
tx,5.0,000021,1,Car,13.3,0,0.0,91.7,778,778,0.9443,-2.72,0.77,0.7612,True
tx,5.0,000021,2,Car,17.6,1,0.0,83.1,204,204,0.9411,-1.59,1.39,0.5365,True
tx,5.0,000021,3,Van,21.3,1,0.0,98.6,933,933,0.9705,-1.2,0.29,0.6906,True
tx,5.0,000021,4,Car,25.97,0,0.0,44.0,146,146,0.9348,-1.24,0.67,0.7059,True
tx,5.0,000021,5,Car,26.83,1,0.0,50.6,107,107,0.9388,-1.05,0.74,0.5328,True
tx,5.0,000021,6,Car,32.13,2,0.0,43.2,45,45,0.9377,-0.99,0.63,0.7402,True
tx,5.0,000021,7,Car,31.78,2,0.0,40.5,26,26,0.9401,-0.97,0.36,0.2247,True
tx,5.0,000023,0,Truck,69.29,0,0.0,32.9,74,74,0.9409,-0.0,0.81,0.7587,True
tx,5.0,000023,1,Car,55.08,0,0.0,23.0,13,13,0.9592,-0.6,-0.02,0.074,True
tx,5.0,000023,2,Cyclist,44.76,3,0.0,30.7,18,18,0.8889,-0.71,0.11,0.3991,True
tx,5.0,000025,0,Car,3.14,3,0.94,155.8,1286,151,0.9781,-2.61,-0.55,0.6533,True
tx,5.0,000025,1,Car,10.42,0,0.0,125.4,1088,1088,0.9422,-3.39,0.55,0.7648,True
tx,5.0,000025,2,Car,30.18,0,0.0,43.9,54,54,0.9399,-1.08,0.52,0.592,True
tx,5.0,000025,3,Car,17.48,0,0.0,71.0,311,311,0.9467,-1.65,0.51,0.7316,True
tx,5.0,000025,4,Cyclist,44.63,3,0.0,29.8,17,17,0.8662,-0.65,0.13,0.4684,True
tx,5.0,000025,5,Car,22.3,1,0.0,49.2,27,27,0.9331,-1.43,0.2,0.1933,True
tx,5.0,000031,0,Car,12.2,0,0.0,116.8,984,984,0.9568,-2.31,0.23,0.7622,True
tx,5.0,000031,1,Car,8.46,0,0.0,161.1,932,932,0.9625,-4.0,0.09,0.7877,True
tx,5.0,000031,2,Car,13.14,1,0.0,98.0,501,501,0.9588,-2.08,0.08,0.6379,True
tx,5.0,000031,3,Truck,22.27,2,0.0,96.7,323,323,0.9514,-1.42,0.95,0.7498,True
tx,5.0,000031,4,Car,26.41,0,0.0,43.3,141,141,0.941,-1.27,0.27,0.7376,True
tx,5.0,000031,5,Van,51.9,0,0.0,28.9,31,31,0.9453,-0.54,0.26,0.5932,True
tx,5.0,000032,0,Car,9.0,0,0.0,155.4,1409,1409,0.9518,-3.9,0.82,0.7469,True
tx,5.0,000032,1,Car,8.6,0,0.0,153.1,1273,1273,0.9579,-3.98,0.43,0.8061,True
tx,5.0,000032,2,Van,14.34,1,0.0,123.1,790,790,0.9534,-2.15,1.18,0.7377,True
tx,5.0,000032,3,Car,13.47,1,0.0,93.4,401,401,0.9569,-2.06,-0.11,0.6235,True
tx,5.0,000032,4,Car,19.85,2,0.0,57.4,68,68,0.9224,-1.94,0.7,0.604,True
tx,5.0,000032,5,Van,22.71,2,0.0,89.4,584,584,0.9688,-1.39,0.8,0.4771,True
tx,5.0,000032,6,Car,25.25,2,0.0,55.2,75,75,0.947,-1.05,0.79,0.3864,True
tx,5.0,000032,7,Van,44.71,0,0.0,33.9,62,62,0.943,-0.62,0.33,0.6709,True
tx,5.0,000032,8,Van,39.04,2,0.0,51.9,154,154,0.9646,-0.62,0.29,0.4524,True
tx,5.0,000032,9,Car,44.75,0,0.0,25.4,38,38,0.9369,-0.65,0.38,0.4502,True
tx,5.0,000043,0,Pedestrian,12.56,0,0.0,91.7,148,148,0.7373,-2.84,0.15,0.7383,True
tx,5.0,000043,1,Pedestrian,12.34,0,0.0,98.0,170,170,0.7528,-4.54,0.28,0.6722,True
tx,5.0,000043,2,Pedestrian,20.51,0,0.0,68.2,84,84,0.7958,-3.29,0.12,0.6677,True
tx,5.0,000043,3,Pedestrian,20.3,0,0.0,69.7,88,88,0.7403,-4.36,0.04,0.7913,True
tx,5.0,000048,0,Pedestrian,16.82,0,0.0,76.1,109,109,0.6469,-6.95,-0.12,0.627,True
tx,5.0,000048,1,Pedestrian,17.03,0,0.0,78.8,127,127,0.7364,-4.13,0.1,0.5095,True
tx,5.0,000048,2,Pedestrian,16.26,0,0.0,81.5,113,113,0.5865,-10.04,0.08,0.4557,True
tx,5.0,000048,3,Cyclist,30.42,0,0.0,44.1,39,39,0.9189,-0.87,-0.08,0.4666,True
tx,5.0,000049,0,Car,21.55,0,0.0,50.2,200,200,0.9414,-1.39,0.39,0.7563,True
tx,5.0,000049,1,Car,13.75,0,0.0,84.1,864,864,0.95,-2.5,1.07,0.8134,True
tx,5.0,000049,2,Car,21.82,2,0.0,52.6,140,140,0.9536,-1.31,0.6,0.5144,True
tx,5.0,000049,3,Car,24.83,2,0.0,44.7,73,73,0.9466,-1.22,0.7,0.473,True
tx,5.0,000049,4,Car,32.49,2,0.0,32.3,18,18,0.9415,-0.9,0.63,0.0885,True
tx,5.0,000049,5,Van,45.7,3,0.0,36.7,79,79,0.9536,-0.59,0.57,0.7248,True
tx,5.0,000049,6,Pedestrian,4.71,3,0.29,185.9,807,719,0.7323,-13.43,0.2,0.7567,True
tx,5.0,000049,7,Car,9.53,1,0.0,138.5,548,548,0.9603,-3.53,0.3,0.7515,True
tx,5.0,000049,8,Car,14.89,1,0.0,78.2,423,423,0.9541,-2.26,0.03,0.6886,True
tx,5.0,000049,9,Car,20.2,2,0.0,68.8,181,181,0.9479,-1.43,0.82,0.7782,True
tx,5.0,000049,10,Pedestrian,32.55,0,0.0,36.5,42,42,0.6579,-4.02,0.13,0.5737,True
tx,5.0,000049,11,Car,31.83,2,0.0,40.7,74,74,0.9606,-0.99,0.28,0.4851,True
tx,5.0,000049,12,Car,12.04,3,0.07,102.0,435,435,0.9713,-1.32,0.83,0.7157,True
tx,5.0,000049,13,Car,17.23,1,0.0,66.9,308,308,0.9583,-1.8,0.62,0.5971,True
tx,5.0,000049,14,Car,35.67,2,0.0,32.7,2,2,0.9198,-1.08,0.39,0.0,False
tx,5.0,000049,15,Car,21.69,2,0.0,53.2,8,8,0.9458,-1.58,0.58,0.0674,True
tx,5.0,000049,16,Van,32.04,3,0.0,60.2,261,261,0.9692,-0.86,0.27,0.4613,True
tx,5.0,000049,17,Car,17.43,3,0.38,70.2,56,49,0.9513,-1.09,1.07,0.4437,True
tx,5.0,000061,0,Van,15.23,3,0.05,144.3,969,969,0.9794,-0.02,1.48,0.7658,True
tx,5.0,000061,1,Car,10.93,3,0.79,115.8,438,96,0.8229,-1.36,7.0,0.6348,True
tx,5.0,000061,2,Car,33.21,2,0.0,36.4,3,3,0.9251,-1.11,0.01,0.0,False
tx,5.0,000061,3,Car,16.63,1,0.14,79.5,131,131,0.9397,-1.26,0.83,0.4844,True
tx,5.0,000061,4,Misc,34.42,3,0.0,23.9,70,70,0.9291,-0.85,0.16,0.6475,True
tx,5.0,000061,5,Van,40.44,3,0.0,46.2,14,14,0.9479,-0.7,-0.02,0.0,False
tx,10.0,000001,0,Truck,69.44,0,0.0,32.8,70,70,0.9008,-0.88,0.78,0.7656,True
tx,10.0,000001,1,Car,58.49,0,0.0,21.6,9,9,0.9288,-1.13,0.06,0.0536,True
tx,10.0,000001,2,Cyclist,45.84,3,0.0,30.0,18,18,0.7729,-1.49,0.2,0.5224,True
tx,10.0,000004,0,Car,38.26,0,0.0,30.5,67,67,0.9317,-1.78,0.02,0.5108,True
tx,10.0,000004,1,Car,51.17,0,0.0,20.7,26,26,0.9238,-1.36,0.06,0.4032,True
tx,10.0,000007,0,Car,25.01,0,0.0,50.2,170,170,0.894,-2.54,0.35,0.7043,True
tx,10.0,000007,1,Car,47.55,0,0.0,22.3,18,18,0.8961,-1.46,-0.04,0.1579,True
tx,10.0,000007,2,Car,60.52,0,0.0,18.2,5,5,0.8907,-1.12,0.18,0.0,False
tx,10.0,000007,3,Cyclist,34.09,0,0.0,37.5,24,24,0.8413,-2.05,0.15,0.4475,True
tx,10.0,000008,0,Car,3.68,3,0.88,181.6,5610,1352,0.9606,-7.0,-0.45,0.8596,True
tx,10.0,000008,1,Car,7.86,1,0.0,193.1,1570,1570,0.9298,-9.03,0.89,0.7541,True
tx,10.0,000008,2,Car,6.15,3,0.34,176.6,995,885,0.9675,-3.85,-0.71,0.8822,True
tx,10.0,000008,3,Car,14.44,1,0.0,85.0,620,620,0.9096,-4.62,0.89,0.7733,True
tx,10.0,000008,4,Car,33.2,0,0.0,39.6,41,41,0.904,-1.91,0.53,0.6834,True
tx,10.0,000008,5,Car,19.96,0,0.0,61.9,164,164,0.8984,-3.35,0.39,0.7287,True
tx,10.0,000009,0,Car,23.88,0,0.0,52.5,185,185,0.8941,-2.85,0.32,0.7698,True
tx,10.0,000009,1,Car,66.37,2,0.0,16.2,4,4,0.9152,-0.97,0.08,0.0,False
tx,10.0,000009,2,Car,68.25,0,0.0,15.4,1,1,0.9049,-0.99,0.01,0.0,False
tx,10.0,000010,0,Car,5.2,0,0.8,191.5,1511,290,0.9577,-4.25,-0.63,0.8762,True
tx,10.0,000010,1,Car,11.8,0,0.0,109.0,998,998,0.9213,-5.81,0.58,0.7441,True
tx,10.0,000010,2,Pedestrian,23.51,2,0.0,61.6,23,23,0.6403,-5.29,0.23,0.2076,True
tx,10.0,000010,3,Car,16.5,0,0.0,73.4,327,327,0.9065,-4.24,0.62,0.7392,True
tx,10.0,000010,4,Car,22.05,2,0.0,52.5,47,47,0.9087,-2.84,0.5,0.5428,True
tx,10.0,000010,5,Car,23.64,0,0.0,51.6,205,205,0.9122,-2.78,0.52,0.7262,True
tx,10.0,000010,6,Car,29.07,2,0.0,39.5,45,45,0.9051,-2.18,0.38,0.464,True
tx,10.0,000010,7,Car,28.53,1,0.0,42.1,22,22,0.9017,-2.28,0.44,0.4344,True
tx,10.0,000010,8,Car,42.85,1,0.0,28.8,15,15,0.9195,-1.45,0.25,0.4561,True
tx,10.0,000011,0,Pedestrian,12.42,1,0.0,114.9,141,141,0.7437,-8.93,0.34,0.6567,True
tx,10.0,000011,1,Pedestrian,13.43,2,0.0,104.0,23,23,0.8439,-4.85,0.27,0.4546,True
tx,10.0,000011,2,Car,26.64,0,0.0,54.8,176,176,0.9007,-2.39,0.72,0.7459,True
tx,10.0,000011,3,Pedestrian,34.08,0,0.0,38.3,40,40,0.6638,-1.63,0.19,0.6072,True
tx,10.0,000011,4,Car,4.13,0,0.98,156.9,2751,170,0.8467,-6.18,-1.01,0.4753,True
tx,10.0,000011,5,Pedestrian,15.95,0,0.0,71.3,74,74,0.7253,-4.89,0.3,0.6371,True
tx,10.0,000012,0,Car,58.84,0,0.0,19.2,13,13,0.9026,-1.16,0.05,0.2326,True
tx,10.0,000012,1,Van,65.02,0,0.0,29.3,39,39,0.9333,-0.95,0.18,0.4858,True
tx,10.0,000015,0,Car,4.1,0,0.89,178.3,5445,1632,0.9625,-5.91,0.82,0.8604,True
tx,10.0,000015,1,Pedestrian,7.59,1,0.0,183.3,357,357,0.5748,-13.99,-0.36,0.5925,True
tx,10.0,000015,2,Pedestrian,24.14,0,0.0,52.6,51,51,0.4299,-8.66,0.0,0.3051,True
tx,10.0,000015,3,Pedestrian,24.22,0,0.0,54.9,68,68,0.6371,-5.23,-0.08,0.3427,True
tx,10.0,000015,4,Pedestrian,23.3,0,0.0,56.3,63,63,0.6519,-5.73,0.11,0.5091,True
tx,10.0,000016,0,Car,44.41,2,0.0,22.8,24,24,0.8926,-1.58,0.22,0.2628,True
tx,10.0,000016,1,Truck,26.41,2,0.0,161.6,1973,1973,0.9461,-2.78,3.21,0.5359,True
tx,10.0,000016,2,Car,33.13,0,0.0,33.1,46,46,0.8948,-2.04,0.48,0.4849,True
tx,10.0,000016,3,Car,6.05,0,0.5,180.4,1993,1658,0.9709,-4.97,-0.32,0.8417,True
tx,10.0,000016,4,Car,46.74,0,0.0,23.4,10,10,0.9015,-1.51,0.11,0.1527,True
tx,10.0,000016,5,Tram,90.96,2,0.0,29.9,0,0,0.926,-0.64,0.84,0.0,False
tx,10.0,000019,0,Truck,5.46,1,0.74,374.0,7484,4698,0.9816,-3.91,0.0,0.7044,True
tx,10.0,000019,1,Car,9.72,0,0.0,136.9,1064,1064,0.9162,-7.03,0.22,0.7252,True
tx,10.0,000019,2,Van,35.34,0,0.0,43.3,98,98,0.8958,-1.83,0.59,0.6966,True
tx,10.0,000019,3,Car,59.59,0,0.0,20.2,19,19,0.8965,-1.15,-0.03,0.4304,True
tx,10.0,000021,0,Cyclist,3.14,0,0.89,183.5,1206,280,0.93,-6.07,-0.83,0.6419,True
tx,10.0,000021,1,Car,13.3,0,0.0,91.7,778,778,0.9121,-5.49,0.8,0.7651,True
tx,10.0,000021,2,Car,17.6,1,0.0,83.1,204,204,0.9076,-3.67,1.41,0.5378,True
tx,10.0,000021,3,Van,21.3,1,0.0,98.6,933,933,0.9564,-2.9,0.31,0.6902,True
tx,10.0,000021,4,Car,25.97,0,0.0,44.0,146,146,0.8957,-2.63,0.68,0.7041,True
tx,10.0,000021,5,Car,26.83,1,0.0,50.6,107,107,0.8985,-2.4,0.76,0.535,True
tx,10.0,000021,6,Car,32.13,2,0.0,43.2,45,45,0.9002,-2.12,0.64,0.7385,True
tx,10.0,000021,7,Car,31.78,2,0.0,40.5,26,26,0.8921,-2.1,0.37,0.2257,True
tx,10.0,000023,0,Truck,69.29,0,0.0,32.9,74,74,0.9169,-0.57,0.81,0.7434,True
tx,10.0,000023,1,Car,55.08,0,0.0,23.0,13,13,0.9277,-1.25,-0.01,0.074,True
tx,10.0,000023,2,Cyclist,44.76,3,0.0,30.7,18,18,0.7825,-1.51,0.12,0.3991,True
tx,10.0,000025,0,Car,3.14,3,0.94,155.8,1286,159,0.9578,-6.42,-0.51,0.6624,True
tx,10.0,000025,1,Car,10.42,0,0.0,125.4,1088,1088,0.9073,-6.95,0.58,0.7591,True
tx,10.0,000025,2,Car,30.18,0,0.0,43.9,54,54,0.9003,-2.28,0.53,0.5933,True
tx,10.0,000025,3,Car,17.48,0,0.0,71.0,311,311,0.8987,-3.72,0.53,0.7287,True
tx,10.0,000025,4,Cyclist,44.63,3,0.0,29.8,17,17,0.7308,-1.46,0.13,0.4025,True
tx,10.0,000025,5,Car,22.3,1,0.0,49.2,27,27,0.8832,-3.06,0.22,0.1903,True
tx,10.0,000031,0,Car,12.2,0,0.0,116.8,984,984,0.9205,-5.34,0.26,0.7598,True
tx,10.0,000031,1,Car,8.46,0,0.0,161.1,932,932,0.9278,-8.41,0.14,0.7825,True
tx,10.0,000031,2,Car,13.14,1,0.0,98.0,501,501,0.9202,-4.87,0.11,0.612,True
tx,10.0,000031,3,Truck,22.27,2,0.0,96.7,323,323,0.9187,-3.07,0.97,0.7332,True
tx,10.0,000031,4,Car,26.41,0,0.0,43.3,141,141,0.8919,-2.64,0.28,0.7263,True
tx,10.0,000031,5,Van,51.9,0,0.0,28.9,31,31,0.8995,-1.23,0.27,0.5931,True
tx,10.0,000032,0,Car,9.0,0,0.0,155.4,1409,1409,0.9217,-8.1,0.86,0.752,True
tx,10.0,000032,1,Car,8.6,0,0.0,153.1,1273,1273,0.9232,-8.33,0.47,0.8005,True
tx,10.0,000032,2,Van,14.34,1,0.0,123.1,790,790,0.9209,-4.73,1.21,0.7412,True
tx,10.0,000032,3,Car,13.47,1,0.0,93.4,401,401,0.9227,-4.81,-0.08,0.6196,True
tx,10.0,000032,4,Car,19.85,2,0.0,57.4,68,68,0.8695,-3.95,0.72,0.5901,True
tx,10.0,000032,5,Van,22.71,2,0.0,89.4,584,584,0.9566,-2.98,0.82,0.4775,True
tx,10.0,000032,6,Car,25.25,2,0.0,55.2,75,75,0.9139,-2.49,0.81,0.3872,True
tx,10.0,000032,7,Van,44.71,0,0.0,33.9,62,62,0.896,-1.43,0.34,0.6709,True
tx,10.0,000032,8,Van,39.04,2,0.0,51.9,154,154,0.9517,-1.54,0.3,0.4523,True
tx,10.0,000032,9,Car,44.75,0,0.0,25.4,38,38,0.8967,-1.46,0.39,0.4509,True
tx,10.0,000043,0,Pedestrian,12.56,0,0.0,91.7,148,148,0.7258,-5.71,0.18,0.6215,True
tx,10.0,000043,1,Pedestrian,12.34,0,0.0,98.0,170,170,0.6218,-7.57,0.31,0.5553,True
tx,10.0,000043,2,Pedestrian,20.51,0,0.0,68.2,84,84,0.7036,-5.05,0.14,0.58,True
tx,10.0,000043,3,Pedestrian,20.3,0,0.0,69.7,88,88,0.6626,-6.14,0.06,0.6942,True
tx,10.0,000048,0,Pedestrian,16.82,0,0.0,76.1,109,109,0.5608,-9.14,-0.1,0.5417,True
tx,10.0,000048,1,Pedestrian,17.03,0,0.0,78.8,127,127,0.7077,-6.25,0.12,0.4422,True
tx,10.0,000048,2,Pedestrian,16.26,0,0.0,81.5,113,113,0.5185,-12.25,0.1,0.3872,True
tx,10.0,000048,3,Cyclist,30.42,0,0.0,44.1,39,39,0.8232,-2.05,-0.06,0.4672,True
tx,10.0,000049,0,Car,21.55,0,0.0,50.2,200,200,0.8872,-3.21,0.41,0.7255,True
tx,10.0,000049,1,Car,13.75,0,0.0,84.1,864,864,0.9237,-5.13,1.1,0.7932,True
tx,10.0,000049,2,Car,21.82,2,0.0,52.6,140,140,0.9236,-2.96,0.62,0.5145,True
tx,10.0,000049,3,Car,24.83,2,0.0,44.7,73,73,0.9198,-2.67,0.72,0.4728,True
tx,10.0,000049,4,Car,32.49,2,0.0,32.3,18,18,0.9161,-2.01,0.64,0.0886,True
tx,10.0,000049,5,Van,45.7,3,0.0,36.7,79,79,0.9323,-1.38,0.58,0.7244,True
tx,10.0,000049,6,Pedestrian,4.71,3,0.29,185.9,807,719,0.7368,-21.13,0.24,0.683,True
tx,10.0,000049,7,Car,9.53,1,0.0,138.5,548,548,0.9314,-7.46,0.34,0.7408,True
tx,10.0,000049,8,Car,14.89,1,0.0,78.2,423,423,0.919,-4.73,0.05,0.6853,True
tx,10.0,000049,9,Car,20.2,2,0.0,68.8,181,181,0.9127,-3.23,0.84,0.7754,True
tx,10.0,000049,10,Pedestrian,32.55,0,0.0,36.5,42,42,0.5837,-5.13,0.14,0.4975,True
tx,10.0,000049,11,Car,31.83,2,0.0,40.7,74,74,0.9403,-2.13,0.3,0.4851,True
tx,10.0,000049,12,Car,12.04,3,0.07,102.0,435,435,0.9613,-2.62,0.86,0.7181,True
tx,10.0,000049,13,Car,17.23,1,0.0,66.9,308,308,0.931,-3.91,0.64,0.5984,True
tx,10.0,000049,14,Car,35.67,2,0.0,32.7,2,2,0.8664,-2.14,0.4,0.0,False
tx,10.0,000049,15,Car,21.69,2,0.0,53.2,8,8,0.9117,-3.25,0.59,0.0673,True
tx,10.0,000049,16,Van,32.04,3,0.0,60.2,261,261,0.9556,-1.98,0.28,0.4611,True
tx,10.0,000049,17,Car,17.43,3,0.38,70.2,56,49,0.9346,-2.03,1.1,0.4443,True
tx,10.0,000061,0,Van,15.23,3,0.05,144.3,969,969,0.9688,-1.02,1.52,0.7625,True
tx,10.0,000061,1,Car,10.93,3,0.79,115.8,438,85,0.7698,-2.76,7.03,0.5661,True
tx,10.0,000061,2,Car,33.21,2,0.0,36.4,3,3,0.8775,-2.24,0.02,0.0,False
tx,10.0,000061,3,Car,16.63,1,0.14,79.5,131,131,0.9202,-2.24,0.85,0.4848,True
tx,10.0,000061,4,Misc,34.42,3,0.0,23.9,70,70,0.8921,-1.93,0.17,0.6251,True
tx,10.0,000061,5,Van,40.44,3,0.0,46.2,14,14,0.9062,-1.59,-0.01,0.0,False
